{
  "15241": {
    "found": true,
    "path": [
      196,
      887,
      1675,
      7436,
      13783,
      52514,
      94039,
      17088,
      15159,
      10310,
      11611,
      23222,
      45454,
      90908,
      11817,
      83628,
      16266,
      82527,
      15055,
      70106,
      10213,
      41414,
      82828,
      15656,
      81307,
      11625,
      64236,
      17482,
      45953,
      81907,
      12825,
      65646,
      10302,
      30603,
      61206,
      11422,
      33833,
      67666,
      14342,
      38683,
      77366,
      13743,
      48474,
      95958,
      11917,
      83828,
      16666,
      83327,
      15665,
      72316,
      13643,
      48274,
      95558,
      11117,
      82228,
      14456,
      79897,
      19794,
      69585,
      18181,
      36362,
      62725,
      15451,
      30902,
      51805,
      12620,
      15241
    ]
  },
  "20091": {
    "found": true,
    "path": [
      196,
      887,
      1675,
      7436,
      13783,
      52514,
      94039,
      17088,
      15159,
      10310,
      11611,
      23222,
      45454,
      90908,
      11817,
      83628,
      16266,
      82527,
      15055,
      70106,
      10213,
      41414,
      82828,
      15656,
      81307,
      11625,
      64236,
      17482,
      45953,
      81907,
      12825,
      65646,
      10302,
      30603,
      61206,
      11422,
      33833,
      67666,
      14342,
      38683,
      77366,
      13743,
      48474,
      95958,
      11917,
      83828,
      16666,
      83327,
      15665,
      72316,
      13643,
      48274,
      95558,
      11117,
      82228,
      14456,
      79897,
      19794,
      69585,
      18181,
      36362,
      62725,
      15451,
      30902,
      51805,
      12620,
      15241,
      29492,
      58984,
      17969,
      14940,
      19881,
      38772,
      66555,
      12121,
      24242,
      48484,
      96968,
      13937,
      87868,
      14746,
      79487,
      17984,
      66955,
      12921,
      25842,
      50694,
      10299,
      19500,
      20091
    ]
  },
  "22121": {
    "found": true,
    "path": [
      196,
      887,
      1675,
      7436,
      13783,
      52514,
      94039,
      17088,
      15159,
      10310,
      11611,
      23222,
      45454,
      90908,
      11817,
      83628,
      16266,
      82527,
      15055,
      70106,
      10213,
      41414,
      82828,
      15656,
      81307,
      11625,
      64236,
      17482,
      45953,
      81907,
      12825,
      65646,
      10302,
      30603,
      61206,
      11422,
      33833,
      67666,
      14342,
      38683,
      77366,
      13743,
      48474,
      95958,
      11917,
      83828,
      16666,
      83327,
      15665,
      72316,
      13643,
      48274,
      95558,
      11117,
      82228,
      14456,
      79897,
      19794,
      69585,
      18181,
      36362,
      62725,
      15451,
      30902,
      51805,
      12620,
      15241,
      29492,
      58984,
      17969,
      14940,
      19881,
      38772,
      66555,
      12121,
      24242,
      48484,
      96968,
      13937,
      87868,
      14746,
      79487,
      17984,
      66955,
      12921,
      25842,
      50694,
      10299,
      19500,
      20091,
      39093,
      78186,
      16373,
      53734,
      97469,
      13948,
      98879,
      16768,
      13529,
      16060,
      22121
    ]
  },
  "23222": {
    "found": true,
    "path": [
      196,
      887,
      1675,
      7436,
      13783,
      52514,
      94039,
      17088,
      15159,
      10310,
      11611,
      23222
    ]
  },
  "24242": {
    "found": true,
    "path": [
      196,
      887,
      1675,
      7436,
      13783,
      52514,
      94039,
      17088,
      15159,
      10310,
      11611,
      23222,
      45454,
      90908,
      11817,
      83628,
      16266,
      82527,
      15055,
      70106,
      10213,
      41414,
      82828,
      15656,
      81307,
      11625,
      64236,
      17482,
      45953,
      81907,
      12825,
      65646,
      10302,
      30603,
      61206,
      11422,
      33833,
      67666,
      14342,
      38683,
      77366,
      13743,
      48474,
      95958,
      11917,
      83828,
      16666,
      83327,
      15665,
      72316,
      13643,
      48274,
      95558,
      11117,
      82228,
      14456,
      79897,
      19794,
      69585,
      18181,
      36362,
      62725,
      15451,
      30902,
      51805,
      12620,
      15241,
      29492,
      58984,
      17969,
      14940,
      19881,
      38772,
      66555,
      12121,
      24242
    ]
  },
  "32122": {
    "found": true,
    "path": [
      196,
      887,
      1675,
      7436,
      13783,
      52514,
      94039,
      17088,
      15159,
      10310,
      11611,
      23222,
      45454,
      90908,
      11817,
      83628,
      16266,
      82527,
      15055,
      70106,
      10213,
      41414,
      82828,
      15656,
      81307,
      11625,
      64236,
      17482,
      45953,
      81907,
      12825,
      65646,
      10302,
      30603,
      61206,
      11422,
      33833,
      67666,
      14342,
      38683,
      77366,
      13743,
      48474,
      95958,
      11917,
      83828,
      16666,
      83327,
      15665,
      72316,
      13643,
      48274,
      95558,
      11117,
      82228,
      14456,
      79897,
      19794,
      69585,
      18181,
      36362,
      62725,
      15451,
      30902,
      51805,
      12620,
      15241,
      29492,
      58984,
      17969,
      14940,
      19881,
      38772,
      66555,
      12121,
      24242,
      48484,
      96968,
      13937,
      87868,
      14746,
      79487,
      17984,
      66955,
      12921,
      25842,
      50694,
      10299,
      19500,
      20091,
      39093,
      78186,
      16373,
      53734,
      97469,
      13948,
      98879,
      16768,
      13529,
      16060,
      22121,
      34243,
      68486,
      16972,
      44933,
      78877,
      16764,
      63525,
      16061,
      32122
    ]
  },
  "34243": {
    "found": true,
    "path": [
      196,
      887,
      1675,
      7436,
      13783,
      52514,
      94039,
      17088,
      15159,
      10310,
      11611,
      23222,
      45454,
      90908,
      11817,
      83628,
      16266,
      82527,
      15055,
      70106,
      10213,
      41414,
      82828,
      15656,
      81307,
      11625,
      64236,
      17482,
      45953,
      81907,
      12825,
      65646,
      10302,
      30603,
      61206,
      11422,
      33833,
      67666,
      14342,
      38683,
      77366,
      13743,
      48474,
      95958,
      11917,
      83828,
      16666,
      83327,
      15665,
      72316,
      13643,
      48274,
      95558,
      11117,
      82228,
      14456,
      79897,
      19794,
      69585,
      18181,
      36362,
      62725,
      15451,
      30902,
      51805,
      12620,
      15241,
      29492,
      58984,
      17969,
      14940,
      19881,
      38772,
      66555,
      12121,
      24242,
      48484,
      96968,
      13937,
      87868,
      14746,
      79487,
      17984,
      66955,
      12921,
      25842,
      50694,
      10299,
      19500,
      20091,
      39093,
      78186,
      16373,
      53734,
      97469,
      13948,
      98879,
      16768,
      13529,
      16060,
      22121,
      34243
    ]
  },
  "41204": {
    "found": true,
    "path": [
      196,
      887,
      1675,
      7436,
      13783,
      52514,
      94039,
      17088,
      15159,
      10310,
      11611,
      23222,
      45454,
      90908,
      11817,
      83628,
      16266,
      82527,
      15055,
      70106,
      10213,
      41414,
      82828,
      15656,
      81307,
      11625,
      64236,
      17482,
      45953,
      81907,
      12825,
      65646,
      10302,
      30603,
      61206,
      11422,
      33833,
      67666,
      14342,
      38683,
      77366,
      13743,
      48474,
      95958,
      11917,
      83828,
      16666,
      83327,
      15665,
      72316,
      13643,
      48274,
      95558,
      11117,
      82228,
      14456,
      79897,
      19794,
      69585,
      18181,
      36362,
      62725,
      15451,
      30902,
      51805,
      12620,
      15241,
      29492,
      58984,
      17969,
      14940,
      19881,
      38772,
      66555,
      12121,
      24242,
      48484,
      96968,
      13937,
      87868,
      14746,
      79487,
      17984,
      66955,
      12921,
      25842,
      50694,
      10299,
      19500,
      20091,
      39093,
      78186,
      16373,
      53734,
      97469,
      13948,
      98879,
      16768,
      13529,
      16060,
      22121,
      34243,
      68486,
      16972,
      44933,
      78877,
      16764,
      63525,
      16061,
      32122,
      54245,
      18490,
      27971,
      45943,
      80897,
      10705,
      61406,
      11822,
      34633,
      68276,
      15562,
      42113,
      73237,
      16474,
      63935,
      17871,
      35742,
      60495,
      19901,
      30892,
      60695,
      10301,
      20602,
      41204
    ]
  },
  "41414": {
    "found": true,
    "path": [
      196,
      887,
      1675,
      7436,
      13783,
      52514,
      94039,
      17088,
      15159,
      10310,
      11611,
      23222,
      45454,
      90908,
      11817,
      83628,
      16266,
      82527,
      15055,
      70106,
      10213,
      41414
    ]
  },
  "42113": {
    "found": true,
    "path": [
      196,
      887,
      1675,
      7436,
      13783,
      52514,
      94039,
      17088,
      15159,
      10310,
      11611,
      23222,
      45454,
      90908,
      11817,
      83628,
      16266,
      82527,
      15055,
      70106,
      10213,
      41414,
      82828,
      15656,
      81307,
      11625,
      64236,
      17482,
      45953,
      81907,
      12825,
      65646,
      10302,
      30603,
      61206,
      11422,
      33833,
      67666,
      14342,
      38683,
      77366,
      13743,
      48474,
      95958,
      11917,
      83828,
      16666,
      83327,
      15665,
      72316,
      13643,
      48274,
      95558,
      11117,
      82228,
      14456,
      79897,
      19794,
      69585,
      18181,
      36362,
      62725,
      15451,
      30902,
      51805,
      12620,
      15241,
      29492,
      58984,
      17969,
      14940,
      19881,
      38772,
      66555,
      12121,
      24242,
      48484,
      96968,
      13937,
      87868,
      14746,
      79487,
      17984,
      66955,
      12921,
      25842,
      50694,
      10299,
      19500,
      20091,
      39093,
      78186,
      16373,
      53734,
      97469,
      13948,
      98879,
      16768,
      13529,
      16060,
      22121,
      34243,
      68486,
      16972,
      44933,
      78877,
      16764,
      63525,
      16061,
      32122,
      54245,
      18490,
      27971,
      45943,
      80897,
      10705,
      61406,
      11822,
      34633,
      68276,
      15562,
      42113
    ]
  }
}