{
  "10213": {
    "rep_cls": "('1021', '0213', 5)",
    "reachable_from_196": false,
    "path": null
  },
  "10301": {
    "rep_cls": "('1030', '0301', 5)",
    "reachable_from_196": false,
    "path": null
  },
  "10302": {
    "rep_cls": "('1030', '0302', 5)",
    "reachable_from_196": false,
    "path": null
  },
  "10310": {
    "rep_cls": "('1031', '0310', 5)",
    "reachable_from_196": false,
    "path": null
  },
  "11117": {
    "rep_cls": "('1111', '1117', 5)",
    "reachable_from_196": false,
    "path": null
  },
  "11422": {
    "rep_cls": "('1142', '1422', 5)",
    "reachable_from_196": false,
    "path": null
  },
  "12121": {
    "rep_cls": "('1212', '2121', 5)",
    "reachable_from_196": false,
    "path": null
  },
  "12324": {
    "rep_cls": "('1232', '2324', 5)",
    "reachable_from_196": false,
    "path": null
  },
  "13430": {
    "rep_cls": "('1343', '3430', 5)",
    "reachable_from_196": false,
    "path": null
  },
  "14342": {
    "rep_cls": "('1434', '4342', 5)",
    "reachable_from_196": false,
    "path": null
  },
  "14456": {
    "rep_cls": "('1445', '4456', 5)",
    "reachable_from_196": false,
    "path": null
  },
  "15241": {
    "rep_cls": "('1524', '5241', 5)",
    "reachable_from_196": true,
    "path": [
      "('1524', '5241', 5)",
      "('1026', '2620', 6)",
      "('5180', '1805', 5)",
      "('3090', '0902', 5)",
      "('1154', '5451', 6)",
      "('6272', '2725', 5)",
      "('3636', '6362', 5)",
      "('1281', '8181', 6)",
      "('6958', '9585', 5)",
      "('1597', '9794', 6)",
      "('7989', '9897', 5)",
      "('1644', '4456', 6)",
      "('8222', '2228', 5)",
      "('1811', '1117', 6)",
      "('9555', '5558', 5)",
      "('4827', '8274', 5)",
      "('1336', '3643', 6)",
      "('7231', '2316', 5)",
      "('1556', '5665', 6)",
      "('8332', '3327', 5)",
      "('1666', '6666', 6)",
      "('8382', '3828', 5)",
      "('1819', '1917', 6)",
      "('9595', '5958', 5)",
      "('4847', '8474', 5)",
      "('1437', '3743', 6)",
      "('7736', '7366', 5)",
      "('3868', '8683', 5)",
      "('1343', '4342', 6)",
      "('6766', '7666', 5)",
      "('3383', '3833', 5)",
      "('1214', '1422', 6)",
      "('6120', '1206', 5)",
      "('3060', '0603', 5)",
      "('1303', '0302', 6)",
      "('6564', '5646', 5)",
      "('1528', '2825', 6)",
      "('8190', '1907', 5)",
      "('4595', '5953', 5)",
      "('1274', '7482', 6)",
      "('6423', '4236', 5)",
      "('1516', '1625', 6)",
      "('8130', '1307', 5)",
      "('1656', '5656', 6)",
      "('8282', '2828', 5)",
      "('4141', '1414', 5)",
      "('1302', '0213', 6)",
      "('7010', '0106', 5)",
      "('1550', '5055', 6)",
      "('8252', '2527', 5)",
      "('1662', '6266', 6)",
      "('8362', '3628', 5)",
      "('1718', '1817', 6)",
      "('9090', '0908', 5)",
      "('4545', '5454', 5)",
      "('2322', '3222', 5)",
      "('1161', '1611', 5)",
      "('1103', '0310', 6)",
      "('1051', '5159', 6)",
      "('1870', '7088', 6)",
      "('9403', '4039', 5)",
      "('5251', '2514', 5)",
      "('1378', '3783', 5)",
      "('7436', '7436', 4)",
      "('1675', '1675', 4)",
      "('887', '887', 3)",
      "('196', '196', 3)"
    ]
  },
  "20091": {
    "rep_cls": "('2009', '0091', 5)",
    "reachable_from_196": true,
    "path": [
      "('2009', '0091', 5)",
      "('1095', '9500', 6)",
      "('1002', '0299', 6)",
      "('5069', '0694', 5)",
      "('2584', '5842', 5)",
      "('1229', '2921', 6)",
      "('6695', '6955', 5)",
      "('1579', '7984', 6)",
      "('7948', '9487', 5)",
      "('1747', '4746', 6)",
      "('8786', '7868', 5)",
      "('1839', '3937', 6)",
      "('9696', '6968', 5)",
      "('4848', '8484', 5)",
      "('2424', '4242', 5)",
      "('1221', '2121', 6)",
      "('6655', '6555', 5)",
      "('3877', '8772', 5)",
      "('1988', '9881', 5)",
      "('1149', '4940', 6)",
      "('1079', '7969', 6)",
      "('5898', '8984', 5)",
      "('2949', '9492', 5)",
      "('1524', '5241', 5)",
      "('1026', '2620', 6)",
      "('5180', '1805', 5)",
      "('3090', '0902', 5)",
      "('1154', '5451', 6)",
      "('6272', '2725', 5)",
      "('3636', '6362', 5)",
      "('1281', '8181', 6)",
      "('6958', '9585', 5)",
      "('1597', '9794', 6)",
      "('7989', '9897', 5)",
      "('1644', '4456', 6)",
      "('8222', '2228', 5)",
      "('1811', '1117', 6)",
      "('9555', '5558', 5)",
      "('4827', '8274', 5)",
      "('1336', '3643', 6)",
      "('7231', '2316', 5)",
      "('1556', '5665', 6)",
      "('8332', '3327', 5)",
      "('1666', '6666', 6)",
      "('8382', '3828', 5)",
      "('1819', '1917', 6)",
      "('9595', '5958', 5)",
      "('4847', '8474', 5)",
      "('1437', '3743', 6)",
      "('7736', '7366', 5)",
      "('3868', '8683', 5)",
      "('1343', '4342', 6)",
      "('6766', '7666', 5)",
      "('3383', '3833', 5)",
      "('1214', '1422', 6)",
      "('6120', '1206', 5)",
      "('3060', '0603', 5)",
      "('1303', '0302', 6)",
      "('6564', '5646', 5)",
      "('1528', '2825', 6)",
      "('8190', '1907', 5)",
      "('4595', '5953', 5)",
      "('1274', '7482', 6)",
      "('6423', '4236', 5)",
      "('1516', '1625', 6)",
      "('8130', '1307', 5)",
      "('1656', '5656', 6)",
      "('8282', '2828', 5)",
      "('4141', '1414', 5)",
      "('1302', '0213', 6)",
      "('7010', '0106', 5)",
      "('1550', '5055', 6)",
      "('8252', '2527', 5)",
      "('1662', '6266', 6)",
      "('8362', '3628', 5)",
      "('1718', '1817', 6)",
      "('9090', '0908', 5)",
      "('4545', '5454', 5)",
      "('2322', '3222', 5)",
      "('1161', '1611', 5)",
      "('1103', '0310', 6)",
      "('1051', '5159', 6)",
      "('1870', '7088', 6)",
      "('9403', '4039', 5)",
      "('5251', '2514', 5)",
      "('1378', '3783', 5)",
      "('7436', '7436', 4)",
      "('1675', '1675', 4)",
      "('887', '887', 3)",
      "('196', '196', 3)"
    ]
  },
  "22121": {
    "rep_cls": "('2212', '2121', 5)",
    "reachable_from_196": true,
    "path": [
      "('2212', '2121', 5)",
      "('1060', '6060', 6)",
      "('1035', '3529', 6)",
      "('1967', '6768', 6)",
      "('9887', '8879', 5)",
      "('1939', '3948', 6)",
      "('9746', '7469', 5)",
      "('5373', '3734', 5)",
      "('1463', '6373', 6)",
      "('7818', '8186', 5)",
      "('3909', '9093', 5)",
      "('2009', '0091', 5)",
      "('1095', '9500', 6)",
      "('1002', '0299', 6)",
      "('5069', '0694', 5)",
      "('2584', '5842', 5)",
      "('1229', '2921', 6)",
      "('6695', '6955', 5)",
      "('1579', '7984', 6)",
      "('7948', '9487', 5)",
      "('1747', '4746', 6)",
      "('8786', '7868', 5)",
      "('1839', '3937', 6)",
      "('9696', '6968', 5)",
      "('4848', '8484', 5)",
      "('2424', '4242', 5)",
      "('1221', '2121', 6)",
      "('6655', '6555', 5)",
      "('3877', '8772', 5)",
      "('1988', '9881', 5)",
      "('1149', '4940', 6)",
      "('1079', '7969', 6)",
      "('5898', '8984', 5)",
      "('2949', '9492', 5)",
      "('1524', '5241', 5)",
      "('1026', '2620', 6)",
      "('5180', '1805', 5)",
      "('3090', '0902', 5)",
      "('1154', '5451', 6)",
      "('6272', '2725', 5)",
      "('3636', '6362', 5)",
      "('1281', '8181', 6)",
      "('6958', '9585', 5)",
      "('1597', '9794', 6)",
      "('7989', '9897', 5)",
      "('1644', '4456', 6)",
      "('8222', '2228', 5)",
      "('1811', '1117', 6)",
      "('9555', '5558', 5)",
      "('4827', '8274', 5)",
      "('1336', '3643', 6)",
      "('7231', '2316', 5)",
      "('1556', '5665', 6)",
      "('8332', '3327', 5)",
      "('1666', '6666', 6)",
      "('8382', '3828', 5)",
      "('1819', '1917', 6)",
      "('9595', '5958', 5)",
      "('4847', '8474', 5)",
      "('1437', '3743', 6)",
      "('7736', '7366', 5)",
      "('3868', '8683', 5)",
      "('1343', '4342', 6)",
      "('6766', '7666', 5)",
      "('3383', '3833', 5)",
      "('1214', '1422', 6)",
      "('6120', '1206', 5)",
      "('3060', '0603', 5)",
      "('1303', '0302', 6)",
      "('6564', '5646', 5)",
      "('1528', '2825', 6)",
      "('8190', '1907', 5)",
      "('4595', '5953', 5)",
      "('1274', '7482', 6)",
      "('6423', '4236', 5)",
      "('1516', '1625', 6)",
      "('8130', '1307', 5)",
      "('1656', '5656', 6)",
      "('8282', '2828', 5)",
      "('4141', '1414', 5)",
      "('1302', '0213', 6)",
      "('7010', '0106', 5)",
      "('1550', '5055', 6)",
      "('8252', '2527', 5)",
      "('1662', '6266', 6)",
      "('8362', '3628', 5)",
      "('1718', '1817', 6)",
      "('9090', '0908', 5)",
      "('4545', '5454', 5)",
      "('2322', '3222', 5)",
      "('1161', '1611', 5)",
      "('1103', '0310', 6)",
      "('1051', '5159', 6)",
      "('1870', '7088', 6)",
      "('9403', '4039', 5)",
      "('5251', '2514', 5)",
      "('1378', '3783', 5)",
      "('7436', '7436', 4)",
      "('1675', '1675', 4)",
      "('887', '887', 3)",
      "('196', '196', 3)"
    ]
  },
  "23222": {
    "rep_cls": "('2322', '3222', 5)",
    "reachable_from_196": true,
    "path": [
      "('2322', '3222', 5)",
      "('1161', '1611', 5)",
      "('1103', '0310', 6)",
      "('1051', '5159', 6)",
      "('1870', '7088', 6)",
      "('9403', '4039', 5)",
      "('5251', '2514', 5)",
      "('1378', '3783', 5)",
      "('7436', '7436', 4)",
      "('1675', '1675', 4)",
      "('887', '887', 3)",
      "('196', '196', 3)"
    ]
  },
  "24242": {
    "rep_cls": "('2424', '4242', 5)",
    "reachable_from_196": true,
    "path": [
      "('2424', '4242', 5)",
      "('1221', '2121', 6)",
      "('6655', '6555', 5)",
      "('3877', '8772', 5)",
      "('1988', '9881', 5)",
      "('1149', '4940', 6)",
      "('1079', '7969', 6)",
      "('5898', '8984', 5)",
      "('2949', '9492', 5)",
      "('1524', '5241', 5)",
      "('1026', '2620', 6)",
      "('5180', '1805', 5)",
      "('3090', '0902', 5)",
      "('1154', '5451', 6)",
      "('6272', '2725', 5)",
      "('3636', '6362', 5)",
      "('1281', '8181', 6)",
      "('6958', '9585', 5)",
      "('1597', '9794', 6)",
      "('7989', '9897', 5)",
      "('1644', '4456', 6)",
      "('8222', '2228', 5)",
      "('1811', '1117', 6)",
      "('9555', '5558', 5)",
      "('4827', '8274', 5)",
      "('1336', '3643', 6)",
      "('7231', '2316', 5)",
      "('1556', '5665', 6)",
      "('8332', '3327', 5)",
      "('1666', '6666', 6)",
      "('8382', '3828', 5)",
      "('1819', '1917', 6)",
      "('9595', '5958', 5)",
      "('4847', '8474', 5)",
      "('1437', '3743', 6)",
      "('7736', '7366', 5)",
      "('3868', '8683', 5)",
      "('1343', '4342', 6)",
      "('6766', '7666', 5)",
      "('3383', '3833', 5)",
      "('1214', '1422', 6)",
      "('6120', '1206', 5)",
      "('3060', '0603', 5)",
      "('1303', '0302', 6)",
      "('6564', '5646', 5)",
      "('1528', '2825', 6)",
      "('8190', '1907', 5)",
      "('4595', '5953', 5)",
      "('1274', '7482', 6)",
      "('6423', '4236', 5)",
      "('1516', '1625', 6)",
      "('8130', '1307', 5)",
      "('1656', '5656', 6)",
      "('8282', '2828', 5)",
      "('4141', '1414', 5)",
      "('1302', '0213', 6)",
      "('7010', '0106', 5)",
      "('1550', '5055', 6)",
      "('8252', '2527', 5)",
      "('1662', '6266', 6)",
      "('8362', '3628', 5)",
      "('1718', '1817', 6)",
      "('9090', '0908', 5)",
      "('4545', '5454', 5)",
      "('2322', '3222', 5)",
      "('1161', '1611', 5)",
      "('1103', '0310', 6)",
      "('1051', '5159', 6)",
      "('1870', '7088', 6)",
      "('9403', '4039', 5)",
      "('5251', '2514', 5)",
      "('1378', '3783', 5)",
      "('7436', '7436', 4)",
      "('1675', '1675', 4)",
      "('887', '887', 3)",
      "('196', '196', 3)"
    ]
  },
  "32122": {
    "rep_cls": "('3212', '2122', 5)",
    "reachable_from_196": true,
    "path": [
      "('3212', '2122', 5)",
      "('1160', '6061', 6)",
      "('6352', '3525', 5)",
      "('1567', '6764', 6)",
      "('7887', '8877', 5)",
      "('4493', '4933', 5)",
      "('1369', '6972', 6)",
      "('6848', '8486', 5)",
      "('3424', '4243', 5)",
      "('2212', '2121', 5)",
      "('1060', '6060', 6)",
      "('1035', '3529', 6)",
      "('1967', '6768', 6)",
      "('9887', '8879', 5)",
      "('1939', '3948', 6)",
      "('9746', '7469', 5)",
      "('5373', '3734', 5)",
      "('1463', '6373', 6)",
      "('7818', '8186', 5)",
      "('3909', '9093', 5)",
      "('2009', '0091', 5)",
      "('1095', '9500', 6)",
      "('1002', '0299', 6)",
      "('5069', '0694', 5)",
      "('2584', '5842', 5)",
      "('1229', '2921', 6)",
      "('6695', '6955', 5)",
      "('1579', '7984', 6)",
      "('7948', '9487', 5)",
      "('1747', '4746', 6)",
      "('8786', '7868', 5)",
      "('1839', '3937', 6)",
      "('9696', '6968', 5)",
      "('4848', '8484', 5)",
      "('2424', '4242', 5)",
      "('1221', '2121', 6)",
      "('6655', '6555', 5)",
      "('3877', '8772', 5)",
      "('1988', '9881', 5)",
      "('1149', '4940', 6)",
      "('1079', '7969', 6)",
      "('5898', '8984', 5)",
      "('2949', '9492', 5)",
      "('1524', '5241', 5)",
      "('1026', '2620', 6)",
      "('5180', '1805', 5)",
      "('3090', '0902', 5)",
      "('1154', '5451', 6)",
      "('6272', '2725', 5)",
      "('3636', '6362', 5)",
      "('1281', '8181', 6)",
      "('6958', '9585', 5)",
      "('1597', '9794', 6)",
      "('7989', '9897', 5)",
      "('1644', '4456', 6)",
      "('8222', '2228', 5)",
      "('1811', '1117', 6)",
      "('9555', '5558', 5)",
      "('4827', '8274', 5)",
      "('1336', '3643', 6)",
      "('7231', '2316', 5)",
      "('1556', '5665', 6)",
      "('8332', '3327', 5)",
      "('1666', '6666', 6)",
      "('8382', '3828', 5)",
      "('1819', '1917', 6)",
      "('9595', '5958', 5)",
      "('4847', '8474', 5)",
      "('1437', '3743', 6)",
      "('7736', '7366', 5)",
      "('3868', '8683', 5)",
      "('1343', '4342', 6)",
      "('6766', '7666', 5)",
      "('3383', '3833', 5)",
      "('1214', '1422', 6)",
      "('6120', '1206', 5)",
      "('3060', '0603', 5)",
      "('1303', '0302', 6)",
      "('6564', '5646', 5)",
      "('1528', '2825', 6)",
      "('8190', '1907', 5)",
      "('4595', '5953', 5)",
      "('1274', '7482', 6)",
      "('6423', '4236', 5)",
      "('1516', '1625', 6)",
      "('8130', '1307', 5)",
      "('1656', '5656', 6)",
      "('8282', '2828', 5)",
      "('4141', '1414', 5)",
      "('1302', '0213', 6)",
      "('7010', '0106', 5)",
      "('1550', '5055', 6)",
      "('8252', '2527', 5)",
      "('1662', '6266', 6)",
      "('8362', '3628', 5)",
      "('1718', '1817', 6)",
      "('9090', '0908', 5)",
      "('4545', '5454', 5)",
      "('2322', '3222', 5)",
      "('1161', '1611', 5)",
      "('1103', '0310', 6)",
      "('1051', '5159', 6)",
      "('1870', '7088', 6)",
      "('9403', '4039', 5)",
      "('5251', '2514', 5)",
      "('1378', '3783', 5)",
      "('7436', '7436', 4)",
      "('1675', '1675', 4)",
      "('887', '887', 3)",
      "('196', '196', 3)"
    ]
  },
  "34243": {
    "rep_cls": "('3424', '4243', 5)",
    "reachable_from_196": true,
    "path": [
      "('3424', '4243', 5)",
      "('2212', '2121', 5)",
      "('1060', '6060', 6)",
      "('1035', '3529', 6)",
      "('1967', '6768', 6)",
      "('9887', '8879', 5)",
      "('1939', '3948', 6)",
      "('9746', '7469', 5)",
      "('5373', '3734', 5)",
      "('1463', '6373', 6)",
      "('7818', '8186', 5)",
      "('3909', '9093', 5)",
      "('2009', '0091', 5)",
      "('1095', '9500', 6)",
      "('1002', '0299', 6)",
      "('5069', '0694', 5)",
      "('2584', '5842', 5)",
      "('1229', '2921', 6)",
      "('6695', '6955', 5)",
      "('1579', '7984', 6)",
      "('7948', '9487', 5)",
      "('1747', '4746', 6)",
      "('8786', '7868', 5)",
      "('1839', '3937', 6)",
      "('9696', '6968', 5)",
      "('4848', '8484', 5)",
      "('2424', '4242', 5)",
      "('1221', '2121', 6)",
      "('6655', '6555', 5)",
      "('3877', '8772', 5)",
      "('1988', '9881', 5)",
      "('1149', '4940', 6)",
      "('1079', '7969', 6)",
      "('5898', '8984', 5)",
      "('2949', '9492', 5)",
      "('1524', '5241', 5)",
      "('1026', '2620', 6)",
      "('5180', '1805', 5)",
      "('3090', '0902', 5)",
      "('1154', '5451', 6)",
      "('6272', '2725', 5)",
      "('3636', '6362', 5)",
      "('1281', '8181', 6)",
      "('6958', '9585', 5)",
      "('1597', '9794', 6)",
      "('7989', '9897', 5)",
      "('1644', '4456', 6)",
      "('8222', '2228', 5)",
      "('1811', '1117', 6)",
      "('9555', '5558', 5)",
      "('4827', '8274', 5)",
      "('1336', '3643', 6)",
      "('7231', '2316', 5)",
      "('1556', '5665', 6)",
      "('8332', '3327', 5)",
      "('1666', '6666', 6)",
      "('8382', '3828', 5)",
      "('1819', '1917', 6)",
      "('9595', '5958', 5)",
      "('4847', '8474', 5)",
      "('1437', '3743', 6)",
      "('7736', '7366', 5)",
      "('3868', '8683', 5)",
      "('1343', '4342', 6)",
      "('6766', '7666', 5)",
      "('3383', '3833', 5)",
      "('1214', '1422', 6)",
      "('6120', '1206', 5)",
      "('3060', '0603', 5)",
      "('1303', '0302', 6)",
      "('6564', '5646', 5)",
      "('1528', '2825', 6)",
      "('8190', '1907', 5)",
      "('4595', '5953', 5)",
      "('1274', '7482', 6)",
      "('6423', '4236', 5)",
      "('1516', '1625', 6)",
      "('8130', '1307', 5)",
      "('1656', '5656', 6)",
      "('8282', '2828', 5)",
      "('4141', '1414', 5)",
      "('1302', '0213', 6)",
      "('7010', '0106', 5)",
      "('1550', '5055', 6)",
      "('8252', '2527', 5)",
      "('1662', '6266', 6)",
      "('8362', '3628', 5)",
      "('1718', '1817', 6)",
      "('9090', '0908', 5)",
      "('4545', '5454', 5)",
      "('2322', '3222', 5)",
      "('1161', '1611', 5)",
      "('1103', '0310', 6)",
      "('1051', '5159', 6)",
      "('1870', '7088', 6)",
      "('9403', '4039', 5)",
      "('5251', '2514', 5)",
      "('1378', '3783', 5)",
      "('7436', '7436', 4)",
      "('1675', '1675', 4)",
      "('887', '887', 3)",
      "('196', '196', 3)"
    ]
  },
  "41204": {
    "rep_cls": "('4120', '1204', 5)",
    "reachable_from_196": true,
    "path": [
      "('4120', '1204', 5)",
      "('2060', '0602', 5)",
      "('1203', '0301', 6)",
      "('6069', '0695', 5)",
      "('3089', '0892', 5)",
      "('1199', '9901', 6)",
      "('6049', '0495', 5)",
      "('3574', '5742', 5)",
      "('1178', '7871', 6)",
      "('6393', '3935', 5)",
      "('1464', '6474', 6)",
      "('7323', '3237', 5)",
      "('4211', '2113', 5)",
      "('1355', '5562', 6)",
      "('6827', '8276', 5)",
      "('3463', '4633', 5)",
      "('1218', '1822', 6)",
      "('6140', '1406', 5)",
      "('1607', '0705', 6)",
      "('8089', '0897', 5)",
      "('4594', '5943', 5)",
      "('2797', '7971', 5)",
      "('1084', '8490', 6)",
      "('5424', '4245', 5)",
      "('3212', '2122', 5)",
      "('1160', '6061', 6)",
      "('6352', '3525', 5)",
      "('1567', '6764', 6)",
      "('7887', '8877', 5)",
      "('4493', '4933', 5)",
      "('1369', '6972', 6)",
      "('6848', '8486', 5)",
      "('3424', '4243', 5)",
      "('2212', '2121', 5)",
      "('1060', '6060', 6)",
      "('1035', '3529', 6)",
      "('1967', '6768', 6)",
      "('9887', '8879', 5)",
      "('1939', '3948', 6)",
      "('9746', '7469', 5)",
      "('5373', '3734', 5)",
      "('1463', '6373', 6)",
      "('7818', '8186', 5)",
      "('3909', '9093', 5)",
      "('2009', '0091', 5)",
      "('1095', '9500', 6)",
      "('1002', '0299', 6)",
      "('5069', '0694', 5)",
      "('2584', '5842', 5)",
      "('1229', '2921', 6)",
      "('6695', '6955', 5)",
      "('1579', '7984', 6)",
      "('7948', '9487', 5)",
      "('1747', '4746', 6)",
      "('8786', '7868', 5)",
      "('1839', '3937', 6)",
      "('9696', '6968', 5)",
      "('4848', '8484', 5)",
      "('2424', '4242', 5)",
      "('1221', '2121', 6)",
      "('6655', '6555', 5)",
      "('3877', '8772', 5)",
      "('1988', '9881', 5)",
      "('1149', '4940', 6)",
      "('1079', '7969', 6)",
      "('5898', '8984', 5)",
      "('2949', '9492', 5)",
      "('1524', '5241', 5)",
      "('1026', '2620', 6)",
      "('5180', '1805', 5)",
      "('3090', '0902', 5)",
      "('1154', '5451', 6)",
      "('6272', '2725', 5)",
      "('3636', '6362', 5)",
      "('1281', '8181', 6)",
      "('6958', '9585', 5)",
      "('1597', '9794', 6)",
      "('7989', '9897', 5)",
      "('1644', '4456', 6)",
      "('8222', '2228', 5)",
      "('1811', '1117', 6)",
      "('9555', '5558', 5)",
      "('4827', '8274', 5)",
      "('1336', '3643', 6)",
      "('7231', '2316', 5)",
      "('1556', '5665', 6)",
      "('8332', '3327', 5)",
      "('1666', '6666', 6)",
      "('8382', '3828', 5)",
      "('1819', '1917', 6)",
      "('9595', '5958', 5)",
      "('4847', '8474', 5)",
      "('1437', '3743', 6)",
      "('7736', '7366', 5)",
      "('3868', '8683', 5)",
      "('1343', '4342', 6)",
      "('6766', '7666', 5)",
      "('3383', '3833', 5)",
      "('1214', '1422', 6)",
      "('6120', '1206', 5)",
      "('3060', '0603', 5)",
      "('1303', '0302', 6)",
      "('6564', '5646', 5)",
      "('1528', '2825', 6)",
      "('8190', '1907', 5)",
      "('4595', '5953', 5)",
      "('1274', '7482', 6)",
      "('6423', '4236', 5)",
      "('1516', '1625', 6)",
      "('8130', '1307', 5)",
      "('1656', '5656', 6)",
      "('8282', '2828', 5)",
      "('4141', '1414', 5)",
      "('1302', '0213', 6)",
      "('7010', '0106', 5)",
      "('1550', '5055', 6)",
      "('8252', '2527', 5)",
      "('1662', '6266', 6)",
      "('8362', '3628', 5)",
      "('1718', '1817', 6)",
      "('9090', '0908', 5)",
      "('4545', '5454', 5)",
      "('2322', '3222', 5)",
      "('1161', '1611', 5)",
      "('1103', '0310', 6)",
      "('1051', '5159', 6)",
      "('1870', '7088', 6)",
      "('9403', '4039', 5)",
      "('5251', '2514', 5)",
      "('1378', '3783', 5)",
      "('7436', '7436', 4)",
      "('1675', '1675', 4)",
      "('887', '887', 3)",
      "('196', '196', 3)"
    ]
  },
  "41414": {
    "rep_cls": "('4141', '1414', 5)",
    "reachable_from_196": true,
    "path": [
      "('4141', '1414', 5)",
      "('1302', '0213', 6)",
      "('7010', '0106', 5)",
      "('1550', '5055', 6)",
      "('8252', '2527', 5)",
      "('1662', '6266', 6)",
      "('8362', '3628', 5)",
      "('1718', '1817', 6)",
      "('9090', '0908', 5)",
      "('4545', '5454', 5)",
      "('2322', '3222', 5)",
      "('1161', '1611', 5)",
      "('1103', '0310', 6)",
      "('1051', '5159', 6)",
      "('1870', '7088', 6)",
      "('9403', '4039', 5)",
      "('5251', '2514', 5)",
      "('1378', '3783', 5)",
      "('7436', '7436', 4)",
      "('1675', '1675', 4)",
      "('887', '887', 3)",
      "('196', '196', 3)"
    ]
  },
  "42113": {
    "rep_cls": "('4211', '2113', 5)",
    "reachable_from_196": true,
    "path": [
      "('4211', '2113', 5)",
      "('1355', '5562', 6)",
      "('6827', '8276', 5)",
      "('3463', '4633', 5)",
      "('1218', '1822', 6)",
      "('6140', '1406', 5)",
      "('1607', '0705', 6)",
      "('8089', '0897', 5)",
      "('4594', '5943', 5)",
      "('2797', '7971', 5)",
      "('1084', '8490', 6)",
      "('5424', '4245', 5)",
      "('3212', '2122', 5)",
      "('1160', '6061', 6)",
      "('6352', '3525', 5)",
      "('1567', '6764', 6)",
      "('7887', '8877', 5)",
      "('4493', '4933', 5)",
      "('1369', '6972', 6)",
      "('6848', '8486', 5)",
      "('3424', '4243', 5)",
      "('2212', '2121', 5)",
      "('1060', '6060', 6)",
      "('1035', '3529', 6)",
      "('1967', '6768', 6)",
      "('9887', '8879', 5)",
      "('1939', '3948', 6)",
      "('9746', '7469', 5)",
      "('5373', '3734', 5)",
      "('1463', '6373', 6)",
      "('7818', '8186', 5)",
      "('3909', '9093', 5)",
      "('2009', '0091', 5)",
      "('1095', '9500', 6)",
      "('1002', '0299', 6)",
      "('5069', '0694', 5)",
      "('2584', '5842', 5)",
      "('1229', '2921', 6)",
      "('6695', '6955', 5)",
      "('1579', '7984', 6)",
      "('7948', '9487', 5)",
      "('1747', '4746', 6)",
      "('8786', '7868', 5)",
      "('1839', '3937', 6)",
      "('9696', '6968', 5)",
      "('4848', '8484', 5)",
      "('2424', '4242', 5)",
      "('1221', '2121', 6)",
      "('6655', '6555', 5)",
      "('3877', '8772', 5)",
      "('1988', '9881', 5)",
      "('1149', '4940', 6)",
      "('1079', '7969', 6)",
      "('5898', '8984', 5)",
      "('2949', '9492', 5)",
      "('1524', '5241', 5)",
      "('1026', '2620', 6)",
      "('5180', '1805', 5)",
      "('3090', '0902', 5)",
      "('1154', '5451', 6)",
      "('6272', '2725', 5)",
      "('3636', '6362', 5)",
      "('1281', '8181', 6)",
      "('6958', '9585', 5)",
      "('1597', '9794', 6)",
      "('7989', '9897', 5)",
      "('1644', '4456', 6)",
      "('8222', '2228', 5)",
      "('1811', '1117', 6)",
      "('9555', '5558', 5)",
      "('4827', '8274', 5)",
      "('1336', '3643', 6)",
      "('7231', '2316', 5)",
      "('1556', '5665', 6)",
      "('8332', '3327', 5)",
      "('1666', '6666', 6)",
      "('8382', '3828', 5)",
      "('1819', '1917', 6)",
      "('9595', '5958', 5)",
      "('4847', '8474', 5)",
      "('1437', '3743', 6)",
      "('7736', '7366', 5)",
      "('3868', '8683', 5)",
      "('1343', '4342', 6)",
      "('6766', '7666', 5)",
      "('3383', '3833', 5)",
      "('1214', '1422', 6)",
      "('6120', '1206', 5)",
      "('3060', '0603', 5)",
      "('1303', '0302', 6)",
      "('6564', '5646', 5)",
      "('1528', '2825', 6)",
      "('8190', '1907', 5)",
      "('4595', '5953', 5)",
      "('1274', '7482', 6)",
      "('6423', '4236', 5)",
      "('1516', '1625', 6)",
      "('8130', '1307', 5)",
      "('1656', '5656', 6)",
      "('8282', '2828', 5)",
      "('4141', '1414', 5)",
      "('1302', '0213', 6)",
      "('7010', '0106', 5)",
      "('1550', '5055', 6)",
      "('8252', '2527', 5)",
      "('1662', '6266', 6)",
      "('8362', '3628', 5)",
      "('1718', '1817', 6)",
      "('9090', '0908', 5)",
      "('4545', '5454', 5)",
      "('2322', '3222', 5)",
      "('1161', '1611', 5)",
      "('1103', '0310', 6)",
      "('1051', '5159', 6)",
      "('1870', '7088', 6)",
      "('9403', '4039', 5)",
      "('5251', '2514', 5)",
      "('1378', '3783', 5)",
      "('7436', '7436', 4)",
      "('1675', '1675', 4)",
      "('887', '887', 3)",
      "('196', '196', 3)"
    ]
  }
}