{
  "total_entries": 10000,
  "obstruction_mod2_count": 10000,
  "jacobian_full_row_rank_count": 10000,
  "both_obstruction_and_fullrank": 10000,
  "constraints_distribution": {
    "1": 2,
    "2": 5,
    "3": 2,
    "4": 8,
    "5": 4,
    "6": 5,
    "7": 4,
    "8": 5,
    "9": 5,
    "10": 5,
    "11": 4,
    "12": 4,
    "13": 4,
    "14": 4,
    "15": 4,
    "16": 4,
    "17": 6,
    "18": 4,
    "19": 5,
    "20": 4,
    "21": 5,
    "22": 4,
    "23": 5,
    "24": 4,
    "25": 5,
    "26": 8,
    "27": 4,
    "28": 4,
    "29": 5,
    "30": 5,
    "31": 4,
    "32": 5,
    "33": 8,
    "34": 4,
    "35": 5,
    "36": 5,
    "37": 4,
    "38": 4,
    "39": 4,
    "40": 4,
    "41": 6,
    "42": 4,
    "43": 5,
    "44": 4,
    "45": 4,
    "46": 5,
    "47": 5,
    "48": 6,
    "49": 4,
    "50": 5,
    "51": 4,
    "52": 4,
    "53": 4,
    "54": 6,
    "55": 2,
    "56": 7,
    "57": 2,
    "58": 7,
    "59": 4,
    "60": 4,
    "61": 4,
    "62": 4,
    "63": 4,
    "64": 5,
    "65": 5,
    "66": 4,
    "67": 4,
    "68": 4,
    "69": 5,
    "70": 4,
    "71": 6,
    "72": 2,
    "73": 7,
    "74": 4,
    "75": 4,
    "76": 5,
    "77": 4,
    "78": 4,
    "79": 4,
    "80": 4,
    "81": 6,
    "82": 4,
    "83": 4,
    "84": 5,
    "85": 5,
    "86": 4,
    "87": 5,
    "88": 5,
    "89": 4,
    "90": 5,
    "91": 6,
    "92": 5,
    "93": 5,
    "94": 6,
    "95": 5,
    "96": 4,
    "97": 5,
    "98": 4,
    "99": 6,
    "100": 2,
    "101": 7,
    "102": 5,
    "103": 6,
    "104": 5,
    "105": 5,
    "106": 7,
    "107": 6,
    "108": 4,
    "109": 4,
    "110": 4,
    "111": 4,
    "112": 5,
    "113": 6,
    "114": 4,
    "115": 5,
    "116": 4,
    "117": 4,
    "118": 5,
    "119": 4,
    "120": 6,
    "121": 4,
    "122": 4,
    "123": 6,
    "124": 4,
    "125": 6,
    "126": 4,
    "127": 5,
    "128": 4,
    "129": 5,
    "130": 4,
    "131": 6,
    "132": 2,
    "133": 5,
    "134": 7,
    "135": 5,
    "136": 6,
    "137": 4,
    "138": 4,
    "139": 5,
    "140": 4,
    "141": 5,
    "142": 8,
    "143": 4,
    "144": 5,
    "145": 6,
    "146": 4,
    "147": 5,
    "148": 5,
    "149": 4,
    "150": 4,
    "151": 4,
    "152": 4,
    "153": 4,
    "154": 6,
    "155": 2,
    "156": 5,
    "157": 8,
    "158": 4,
    "159": 5,
    "160": 4,
    "161": 5,
    "162": 4,
    "163": 5,
    "164": 5,
    "165": 6,
    "166": 9,
    "167": 2,
    "168": 8,
    "169": 8,
    "170": 8,
    "171": 6,
    "172": 6,
    "173": 4,
    "174": 5,
    "175": 5,
    "176": 8,
    "177": 4,
    "178": 5,
    "179": 5,
    "180": 8,
    "181": 5,
    "182": 5,
    "183": 8,
    "184": 6,
    "185": 5,
    "186": 5,
    "187": 8,
    "188": 5,
    "189": 8,
    "190": 4,
    "191": 5,
    "192": 8,
    "193": 4,
    "194": 6,
    "195": 4,
    "196": 4,
    "197": 4,
    "198": 5,
    "199": 5,
    "200": 6,
    "201": 7,
    "202": 5,
    "203": 6,
    "204": 5,
    "205": 5,
    "206": 6,
    "207": 5,
    "208": 4,
    "209": 5,
    "210": 4,
    "211": 5,
    "212": 4,
    "213": 5,
    "214": 8,
    "215": 4,
    "216": 5,
    "217": 4,
    "218": 5,
    "219": 5,
    "220": 5,
    "221": 4,
    "222": 4,
    "223": 4,
    "224": 4,
    "225": 4,
    "226": 6,
    "227": 2,
    "228": 7,
    "229": 2,
    "230": 5,
    "231": 7,
    "232": 6,
    "233": 4,
    "234": 5,
    "235": 5,
    "236": 4,
    "237": 5,
    "238": 6,
    "239": 4,
    "240": 5,
    "241": 4,
    "242": 5,
    "243": 5,
    "244": 5,
    "245": 4,
    "246": 4,
    "247": 6,
    "248": 4,
    "249": 4,
    "250": 5,
    "251": 5,
    "252": 4,
    "253": 5,
    "254": 5,
    "255": 5,
    "256": 4,
    "257": 4,
    "258": 5,
    "259": 4,
    "260": 4,
    "261": 4,
    "262": 6,
    "263": 2,
    "264": 6,
    "265": 5,
    "266": 5,
    "267": 6,
    "268": 5,
    "269": 6,
    "270": 6,
    "271": 4,
    "272": 4,
    "273": 4,
    "274": 5,
    "275": 4,
    "276": 4,
    "277": 4,
    "278": 4,
    "279": 6,
    "280": 2,
    "281": 9,
    "282": 2,
    "283": 7,
    "284": 5,
    "285": 5,
    "286": 4,
    "287": 4,
    "288": 5,
    "289": 4,
    "290": 5,
    "291": 6,
    "292": 4,
    "293": 6,
    "294": 5,
    "295": 4,
    "296": 5,
    "297": 4,
    "298": 6,
    "299": 4,
    "300": 4,
    "301": 4,
    "302": 5,
    "303": 9,
    "304": 3,
    "305": 5,
    "306": 5,
    "307": 2,
    "308": 7,
    "309": 5,
    "310": 5,
    "311": 8,
    "312": 8,
    "313": 6,
    "314": 4,
    "315": 4,
    "316": 5,
    "317": 2,
    "318": 6,
    "319": 6,
    "320": 4,
    "321": 4,
    "322": 4,
    "323": 4,
    "324": 5,
    "325": 6,
    "326": 4,
    "327": 4,
    "328": 4,
    "329": 5,
    "330": 6,
    "331": 5,
    "332": 6,
    "333": 2,
    "334": 7,
    "335": 5,
    "336": 4,
    "337": 6,
    "338": 4,
    "339": 4,
    "340": 4,
    "341": 4,
    "342": 4,
    "343": 5,
    "344": 5,
    "345": 5,
    "346": 4,
    "347": 4,
    "348": 4,
    "349": 4,
    "350": 4,
    "351": 4,
    "352": 6,
    "353": 4,
    "354": 4,
    "355": 4,
    "356": 6,
    "357": 2,
    "358": 7,
    "359": 2,
    "360": 5,
    "361": 7,
    "362": 6,
    "363": 4,
    "364": 6,
    "365": 4,
    "366": 4,
    "367": 4,
    "368": 5,
    "369": 4,
    "370": 5,
    "371": 5,
    "372": 4,
    "373": 5,
    "374": 4,
    "375": 5,
    "376": 8,
    "377": 7,
    "378": 4,
    "379": 5,
    "380": 5,
    "381": 5,
    "382": 4,
    "383": 6,
    "384": 4,
    "385": 4,
    "386": 5,
    "387": 5,
    "388": 6,
    "389": 4,
    "390": 4,
    "391": 5,
    "392": 4,
    "393": 4,
    "394": 4,
    "395": 4,
    "396": 6,
    "397": 4,
    "398": 4,
    "399": 5,
    "400": 5,
    "401": 4,
    "402": 4,
    "403": 6,
    "404": 4,
    "405": 5,
    "406": 4,
    "407": 5,
    "408": 4,
    "409": 6,
    "410": 2,
    "411": 7,
    "412": 4,
    "413": 5,
    "414": 4,
    "415": 6,
    "416": 2,
    "417": 7,
    "418": 4,
    "419": 4,
    "420": 5,
    "421": 5,
    "422": 6,
    "423": 4,
    "424": 5,
    "425": 4,
    "426": 4,
    "427": 5,
    "428": 4,
    "429": 4,
    "430": 5,
    "431": 4,
    "432": 5,
    "433": 5,
    "434": 9,
    "435": 2,
    "436": 8,
    "437": 4,
    "438": 4,
    "439": 4,
    "440": 5,
    "441": 5,
    "442": 5,
    "443": 5,
    "444": 4,
    "445": 6,
    "446": 4,
    "447": 6,
    "448": 4,
    "449": 4,
    "450": 4,
    "451": 5,
    "452": 5,
    "453": 4,
    "454": 4,
    "455": 4,
    "456": 5,
    "457": 5,
    "458": 5,
    "459": 4,
    "460": 4,
    "461": 4,
    "462": 4,
    "463": 5,
    "464": 4,
    "465": 5,
    "466": 8,
    "467": 6,
    "468": 3,
    "469": 5,
    "470": 4,
    "471": 5,
    "472": 5,
    "473": 8,
    "474": 4,
    "475": 5,
    "476": 4,
    "477": 5,
    "478": 4,
    "479": 4,
    "480": 5,
    "481": 5,
    "482": 5,
    "483": 4,
    "484": 4,
    "485": 6,
    "486": 4,
    "487": 5,
    "488": 4,
    "489": 5,
    "490": 6,
    "491": 5,
    "492": 4,
    "493": 4,
    "494": 4,
    "495": 5,
    "496": 4,
    "497": 6,
    "498": 4,
    "499": 4,
    "500": 4,
    "501": 4,
    "502": 4,
    "503": 5,
    "504": 4,
    "505": 4,
    "506": 4,
    "507": 4,
    "508": 5,
    "509": 4,
    "510": 6,
    "511": 4,
    "512": 4,
    "513": 4,
    "514": 4,
    "515": 5,
    "516": 5,
    "517": 5,
    "518": 5,
    "519": 4,
    "520": 4,
    "521": 5,
    "522": 4,
    "523": 4,
    "524": 5,
    "525": 6,
    "526": 6,
    "527": 4,
    "528": 4,
    "529": 4,
    "530": 4,
    "531": 4,
    "532": 5,
    "533": 5,
    "534": 5,
    "535": 5,
    "536": 4,
    "537": 4,
    "538": 4,
    "539": 4,
    "540": 4,
    "541": 4,
    "542": 4,
    "543": 5,
    "544": 4,
    "545": 4,
    "546": 5,
    "547": 3,
    "548": 7,
    "549": 5,
    "550": 4,
    "551": 5,
    "552": 4,
    "553": 4,
    "554": 5,
    "555": 4,
    "556": 6,
    "557": 4,
    "558": 4,
    "559": 5,
    "560": 5,
    "561": 4,
    "562": 5,
    "563": 5,
    "564": 6,
    "565": 4,
    "566": 4,
    "567": 4,
    "568": 6,
    "569": 2,
    "570": 6,
    "571": 6,
    "572": 4,
    "573": 6,
    "574": 4,
    "575": 6,
    "576": 2,
    "577": 7,
    "578": 4,
    "579": 4,
    "580": 4,
    "581": 4,
    "582": 4,
    "583": 4,
    "584": 4,
    "585": 4,
    "586": 4,
    "587": 4,
    "588": 4,
    "589": 5,
    "590": 4,
    "591": 4,
    "592": 4,
    "593": 5,
    "594": 5,
    "595": 4,
    "596": 4,
    "597": 5,
    "598": 4,
    "599": 6,
    "600": 4,
    "601": 4,
    "602": 4,
    "603": 5,
    "604": 5,
    "605": 6,
    "606": 9,
    "607": 4,
    "608": 4,
    "609": 4,
    "610": 5,
    "611": 6,
    "612": 4,
    "613": 5,
    "614": 4,
    "615": 4,
    "616": 5,
    "617": 4,
    "618": 4,
    "619": 4,
    "620": 5,
    "621": 5,
    "622": 4,
    "623": 6,
    "624": 4,
    "625": 4,
    "626": 4,
    "627": 6,
    "628": 4,
    "629": 4,
    "630": 4,
    "631": 4,
    "632": 4,
    "633": 5,
    "634": 6,
    "635": 6,
    "636": 4,
    "637": 5,
    "638": 9,
    "639": 3,
    "640": 5,
    "641": 6,
    "642": 4,
    "643": 5,
    "644": 4,
    "645": 4,
    "646": 4,
    "647": 5,
    "648": 4,
    "649": 5,
    "650": 5,
    "651": 5,
    "652": 5,
    "653": 6,
    "654": 6,
    "655": 5,
    "656": 4,
    "657": 5,
    "658": 6,
    "659": 4,
    "660": 5,
    "661": 4,
    "662": 4,
    "663": 4,
    "664": 6,
    "665": 2,
    "666": 7,
    "667": 5,
    "668": 8,
    "669": 5,
    "670": 8,
    "671": 2,
    "672": 8,
    "673": 8,
    "674": 5,
    "675": 8,
    "676": 5,
    "677": 8,
    "678": 4,
    "679": 5,
    "680": 5,
    "681": 4,
    "682": 5,
    "683": 5,
    "684": 2,
    "685": 6,
    "686": 6,
    "687": 5,
    "688": 4,
    "689": 6,
    "690": 2,
    "691": 6,
    "692": 5,
    "693": 4,
    "694": 6,
    "695": 2,
    "696": 7,
    "697": 5,
    "698": 4,
    "699": 6,
    "700": 4,
    "701": 4,
    "702": 4,
    "703": 5,
    "704": 4,
    "705": 5,
    "706": 4,
    "707": 5,
    "708": 5,
    "709": 5,
    "710": 4,
    "711": 4,
    "712": 5,
    "713": 4,
    "714": 5,
    "715": 5,
    "716": 5,
    "717": 4,
    "718": 5,
    "719": 4,
    "720": 5,
    "721": 4,
    "722": 5,
    "723": 5,
    "724": 4,
    "725": 6,
    "726": 4,
    "727": 5,
    "728": 8,
    "729": 6,
    "730": 4,
    "731": 5,
    "732": 8,
    "733": 5,
    "734": 8,
    "735": 2,
    "736": 5,
    "737": 7,
    "738": 5,
    "739": 5,
    "740": 8,
    "741": 8,
    "742": 5,
    "743": 6,
    "744": 5,
    "745": 6,
    "746": 5,
    "747": 8,
    "748": 8,
    "749": 9,
    "750": 2,
    "751": 6,
    "752": 6,
    "753": 4,
    "754": 5,
    "755": 4,
    "756": 5,
    "757": 4,
    "758": 4,
    "759": 4,
    "760": 5,
    "761": 4,
    "762": 5,
    "763": 4,
    "764": 4,
    "765": 4,
    "766": 5,
    "767": 4,
    "768": 5,
    "769": 9,
    "770": 2,
    "771": 5,
    "772": 7,
    "773": 5,
    "774": 4,
    "775": 6,
    "776": 4,
    "777": 4,
    "778": 4,
    "779": 4,
    "780": 6,
    "781": 4,
    "782": 4,
    "783": 5,
    "784": 2,
    "785": 5,
    "786": 7,
    "787": 5,
    "788": 4,
    "789": 5,
    "790": 4,
    "791": 6,
    "792": 4,
    "793": 4,
    "794": 4,
    "795": 6,
    "796": 2,
    "797": 7,
    "798": 4,
    "799": 4,
    "800": 5,
    "801": 4,
    "802": 6,
    "803": 4,
    "804": 5,
    "805": 5,
    "806": 4,
    "807": 5,
    "808": 4,
    "809": 5,
    "810": 6,
    "811": 4,
    "812": 6,
    "813": 5,
    "814": 4,
    "815": 4,
    "816": 5,
    "817": 2,
    "818": 6,
    "819": 6,
    "820": 4,
    "821": 4,
    "822": 5,
    "823": 5,
    "824": 5,
    "825": 6,
    "826": 6,
    "827": 5,
    "828": 6,
    "829": 5,
    "830": 6,
    "831": 5,
    "832": 4,
    "833": 5,
    "834": 4,
    "835": 5,
    "836": 4,
    "837": 5,
    "838": 5,
    "839": 8,
    "840": 4,
    "841": 5,
    "842": 4,
    "843": 4,
    "844": 4,
    "845": 5,
    "846": 4,
    "847": 5,
    "848": 4,
    "849": 5,
    "850": 5,
    "851": 5,
    "852": 4,
    "853": 4,
    "854": 5,
    "855": 5,
    "856": 4,
    "857": 4,
    "858": 4,
    "859": 5,
    "860": 2,
    "861": 8,
    "862": 4,
    "863": 4,
    "864": 4,
    "865": 5,
    "866": 5,
    "867": 4,
    "868": 5,
    "869": 4,
    "870": 6,
    "871": 4,
    "872": 5,
    "873": 4,
    "874": 5,
    "875": 4,
    "876": 6,
    "877": 2,
    "878": 7,
    "879": 2,
    "880": 8,
    "881": 5,
    "882": 9,
    "883": 2,
    "884": 5,
    "885": 7,
    "886": 5,
    "887": 5,
    "888": 4,
    "889": 5,
    "890": 5,
    "891": 6,
    "892": 7,
    "893": 5,
    "894": 4,
    "895": 4,
    "896": 4,
    "897": 4,
    "898": 5,
    "899": 4,
    "900": 4,
    "901": 4,
    "902": 4,
    "903": 5,
    "904": 5,
    "905": 4,
    "906": 4,
    "907": 5,
    "908": 4,
    "909": 5,
    "910": 5,
    "911": 6,
    "912": 4,
    "913": 4,
    "914": 4,
    "915": 5,
    "916": 5,
    "917": 4,
    "918": 6,
    "919": 4,
    "920": 4,
    "921": 5,
    "922": 2,
    "923": 6,
    "924": 6,
    "925": 4,
    "926": 4,
    "927": 5,
    "928": 5,
    "929": 5,
    "930": 4,
    "931": 4,
    "932": 5,
    "933": 4,
    "934": 5,
    "935": 8,
    "936": 4,
    "937": 5,
    "938": 5,
    "939": 4,
    "940": 4,
    "941": 5,
    "942": 4,
    "943": 6,
    "944": 2,
    "945": 7,
    "946": 4,
    "947": 5,
    "948": 5,
    "949": 4,
    "950": 5,
    "951": 5,
    "952": 5,
    "953": 4,
    "954": 4,
    "955": 6,
    "956": 4,
    "957": 4,
    "958": 4,
    "959": 6,
    "960": 2,
    "961": 9,
    "962": 2,
    "963": 7,
    "964": 4,
    "965": 4,
    "966": 3,
    "967": 7,
    "968": 5,
    "969": 4,
    "970": 5,
    "971": 6,
    "972": 4,
    "973": 6,
    "974": 5,
    "975": 5,
    "976": 4,
    "977": 4,
    "978": 5,
    "979": 4,
    "980": 6,
    "981": 4,
    "982": 6,
    "983": 2,
    "984": 7,
    "985": 4,
    "986": 6,
    "987": 4,
    "988": 5,
    "989": 5,
    "990": 4,
    "991": 4,
    "992": 5,
    "993": 4,
    "994": 8,
    "995": 5,
    "996": 6,
    "997": 5,
    "998": 6,
    "999": 6,
    "1000": 5,
    "1001": 5,
    "1002": 4,
    "1003": 4,
    "1004": 5,
    "1005": 4,
    "1006": 6,
    "1007": 2,
    "1008": 6,
    "1009": 5,
    "1010": 8,
    "1011": 9,
    "1012": 3,
    "1013": 5,
    "1014": 8,
    "1015": 2,
    "1016": 8,
    "1017": 6,
    "1018": 4,
    "1019": 5,
    "1020": 4,
    "1021": 5,
    "1022": 4,
    "1023": 5,
    "1024": 5,
    "1025": 6,
    "1026": 6,
    "1027": 5,
    "1028": 5,
    "1029": 4,
    "1030": 6,
    "1031": 2,
    "1032": 7,
    "1033": 5,
    "1034": 4,
    "1035": 5,
    "1036": 4,
    "1037": 6,
    "1038": 4,
    "1039": 4,
    "1040": 5,
    "1041": 4,
    "1042": 6,
    "1043": 2,
    "1044": 7,
    "1045": 4,
    "1046": 5,
    "1047": 5,
    "1048": 2,
    "1049": 9,
    "1050": 2,
    "1051": 7,
    "1052": 4,
    "1053": 5,
    "1054": 4,
    "1055": 4,
    "1056": 4,
    "1057": 5,
    "1058": 4,
    "1059": 6,
    "1060": 4,
    "1061": 4,
    "1062": 5,
    "1063": 4,
    "1064": 5,
    "1065": 8,
    "1066": 4,
    "1067": 5,
    "1068": 8,
    "1069": 4,
    "1070": 6,
    "1071": 2,
    "1072": 7,
    "1073": 4,
    "1074": 5,
    "1075": 4,
    "1076": 6,
    "1077": 2,
    "1078": 7,
    "1079": 4,
    "1080": 4,
    "1081": 4,
    "1082": 6,
    "1083": 4,
    "1084": 4,
    "1085": 4,
    "1086": 6,
    "1087": 4,
    "1088": 4,
    "1089": 4,
    "1090": 4,
    "1091": 4,
    "1092": 5,
    "1093": 5,
    "1094": 4,
    "1095": 5,
    "1096": 5,
    "1097": 5,
    "1098": 6,
    "1099": 4,
    "1100": 5,
    "1101": 4,
    "1102": 4,
    "1103": 4,
    "1104": 5,
    "1105": 2,
    "1106": 6,
    "1107": 5,
    "1108": 6,
    "1109": 4,
    "1110": 5,
    "1111": 8,
    "1112": 6,
    "1113": 5,
    "1114": 5,
    "1115": 9,
    "1116": 2,
    "1117": 6,
    "1118": 5,
    "1119": 6,
    "1120": 4,
    "1121": 4,
    "1122": 4,
    "1123": 6,
    "1124": 4,
    "1125": 4,
    "1126": 5,
    "1127": 5,
    "1128": 4,
    "1129": 5,
    "1130": 5,
    "1131": 6,
    "1132": 6,
    "1133": 5,
    "1134": 4,
    "1135": 6,
    "1136": 4,
    "1137": 4,
    "1138": 4,
    "1139": 4,
    "1140": 4,
    "1141": 4,
    "1142": 6,
    "1143": 4,
    "1144": 4,
    "1145": 6,
    "1146": 4,
    "1147": 4,
    "1148": 5,
    "1149": 2,
    "1150": 6,
    "1151": 5,
    "1152": 5,
    "1153": 2,
    "1154": 6,
    "1155": 6,
    "1156": 5,
    "1157": 4,
    "1158": 5,
    "1159": 8,
    "1160": 5,
    "1161": 8,
    "1162": 6,
    "1163": 5,
    "1164": 5,
    "1165": 8,
    "1166": 4,
    "1167": 5,
    "1168": 4,
    "1169": 6,
    "1170": 2,
    "1171": 7,
    "1172": 4,
    "1173": 4,
    "1174": 5,
    "1175": 4,
    "1176": 4,
    "1177": 4,
    "1178": 4,
    "1179": 6,
    "1180": 4,
    "1181": 4,
    "1182": 5,
    "1183": 5,
    "1184": 2,
    "1185": 8,
    "1186": 8,
    "1187": 8,
    "1188": 5,
    "1189": 6,
    "1190": 4,
    "1191": 4,
    "1192": 4,
    "1193": 4,
    "1194": 4,
    "1195": 6,
    "1196": 4,
    "1197": 6,
    "1198": 4,
    "1199": 4,
    "1200": 4,
    "1201": 5,
    "1202": 5,
    "1203": 6,
    "1204": 4,
    "1205": 4,
    "1206": 5,
    "1207": 4,
    "1208": 6,
    "1209": 2,
    "1210": 7,
    "1211": 4,
    "1212": 5,
    "1213": 4,
    "1214": 4,
    "1215": 5,
    "1216": 4,
    "1217": 6,
    "1218": 4,
    "1219": 4,
    "1220": 4,
    "1221": 4,
    "1222": 5,
    "1223": 4,
    "1224": 6,
    "1225": 4,
    "1226": 4,
    "1227": 4,
    "1228": 5,
    "1229": 4,
    "1230": 6,
    "1231": 4,
    "1232": 4,
    "1233": 5,
    "1234": 2,
    "1235": 8,
    "1236": 8,
    "1237": 8,
    "1238": 5,
    "1239": 7,
    "1240": 4,
    "1241": 5,
    "1242": 9,
    "1243": 3,
    "1244": 5,
    "1245": 5,
    "1246": 5,
    "1247": 5,
    "1248": 5,
    "1249": 5,
    "1250": 6,
    "1251": 8,
    "1252": 5,
    "1253": 8,
    "1254": 6,
    "1255": 4,
    "1256": 5,
    "1257": 4,
    "1258": 5,
    "1259": 5,
    "1260": 4,
    "1261": 5,
    "1262": 4,
    "1263": 5,
    "1264": 5,
    "1265": 6,
    "1266": 7,
    "1267": 6,
    "1268": 4,
    "1269": 5,
    "1270": 8,
    "1271": 6,
    "1272": 4,
    "1273": 5,
    "1274": 4,
    "1275": 4,
    "1276": 4,
    "1277": 4,
    "1278": 4,
    "1279": 4,
    "1280": 4,
    "1281": 5,
    "1282": 4,
    "1283": 5,
    "1284": 8,
    "1285": 5,
    "1286": 6,
    "1287": 4,
    "1288": 6,
    "1289": 4,
    "1290": 5,
    "1291": 4,
    "1292": 6,
    "1293": 4,
    "1294": 4,
    "1295": 4,
    "1296": 6,
    "1297": 4,
    "1298": 5,
    "1299": 4,
    "1300": 5,
    "1301": 8,
    "1302": 6,
    "1303": 5,
    "1304": 5,
    "1305": 8,
    "1306": 5,
    "1307": 6,
    "1308": 5,
    "1309": 4,
    "1310": 6,
    "1311": 4,
    "1312": 4,
    "1313": 5,
    "1314": 2,
    "1315": 5,
    "1316": 7,
    "1317": 5,
    "1318": 4,
    "1319": 4,
    "1320": 4,
    "1321": 5,
    "1322": 5,
    "1323": 2,
    "1324": 7,
    "1325": 5,
    "1326": 5,
    "1327": 8,
    "1328": 6,
    "1329": 5,
    "1330": 6,
    "1331": 4,
    "1332": 5,
    "1333": 4,
    "1334": 4,
    "1335": 5,
    "1336": 6,
    "1337": 4,
    "1338": 5,
    "1339": 4,
    "1340": 4,
    "1341": 4,
    "1342": 5,
    "1343": 4,
    "1344": 6,
    "1345": 2,
    "1346": 7,
    "1347": 4,
    "1348": 4,
    "1349": 4,
    "1350": 4,
    "1351": 6,
    "1352": 4,
    "1353": 5,
    "1354": 4,
    "1355": 4,
    "1356": 5,
    "1357": 4,
    "1358": 5,
    "1359": 5,
    "1360": 5,
    "1361": 5,
    "1362": 5,
    "1363": 5,
    "1364": 4,
    "1365": 4,
    "1366": 5,
    "1367": 4,
    "1368": 6,
    "1369": 4,
    "1370": 4,
    "1371": 4,
    "1372": 4,
    "1373": 5,
    "1374": 4,
    "1375": 4,
    "1376": 4,
    "1377": 5,
    "1378": 5,
    "1379": 5,
    "1380": 4,
    "1381": 4,
    "1382": 4,
    "1383": 4,
    "1384": 5,
    "1385": 4,
    "1386": 6,
    "1387": 4,
    "1388": 4,
    "1389": 4,
    "1390": 4,
    "1391": 4,
    "1392": 4,
    "1393": 5,
    "1394": 5,
    "1395": 4,
    "1396": 4,
    "1397": 4,
    "1398": 4,
    "1399": 6,
    "1400": 2,
    "1401": 7,
    "1402": 4,
    "1403": 4,
    "1404": 4,
    "1405": 4,
    "1406": 4,
    "1407": 6,
    "1408": 4,
    "1409": 4,
    "1410": 5,
    "1411": 5,
    "1412": 4,
    "1413": 5,
    "1414": 4,
    "1415": 5,
    "1416": 5,
    "1417": 6,
    "1418": 6,
    "1419": 5,
    "1420": 4,
    "1421": 5,
    "1422": 6,
    "1423": 4,
    "1424": 5,
    "1425": 5,
    "1426": 6,
    "1427": 7,
    "1428": 4,
    "1429": 4,
    "1430": 4,
    "1431": 4,
    "1432": 5,
    "1433": 4,
    "1434": 5,
    "1435": 5,
    "1436": 5,
    "1437": 4,
    "1438": 6,
    "1439": 2,
    "1440": 7,
    "1441": 2,
    "1442": 7,
    "1443": 4,
    "1444": 4,
    "1445": 5,
    "1446": 5,
    "1447": 6,
    "1448": 7,
    "1449": 6,
    "1450": 4,
    "1451": 4,
    "1452": 5,
    "1453": 4,
    "1454": 5,
    "1455": 6,
    "1456": 6,
    "1457": 4,
    "1458": 5,
    "1459": 2,
    "1460": 7,
    "1461": 2,
    "1462": 7,
    "1463": 5,
    "1464": 5,
    "1465": 4,
    "1466": 4,
    "1467": 4,
    "1468": 4,
    "1469": 4,
    "1470": 5,
    "1471": 5,
    "1472": 5,
    "1473": 4,
    "1474": 4,
    "1475": 6,
    "1476": 4,
    "1477": 4,
    "1478": 4,
    "1479": 4,
    "1480": 4,
    "1481": 5,
    "1482": 4,
    "1483": 6,
    "1484": 4,
    "1485": 5,
    "1486": 4,
    "1487": 5,
    "1488": 8,
    "1489": 6,
    "1490": 4,
    "1491": 6,
    "1492": 4,
    "1493": 4,
    "1494": 4,
    "1495": 4,
    "1496": 4,
    "1497": 4,
    "1498": 5,
    "1499": 4,
    "1500": 5,
    "1501": 8,
    "1502": 6,
    "1503": 5,
    "1504": 5,
    "1505": 8,
    "1506": 5,
    "1507": 9,
    "1508": 2,
    "1509": 5,
    "1510": 8,
    "1511": 4,
    "1512": 5,
    "1513": 4,
    "1514": 4,
    "1515": 4,
    "1516": 4,
    "1517": 5,
    "1518": 4,
    "1519": 5,
    "1520": 4,
    "1521": 6,
    "1522": 4,
    "1523": 4,
    "1524": 4,
    "1525": 4,
    "1526": 4,
    "1527": 5,
    "1528": 4,
    "1529": 6,
    "1530": 4,
    "1531": 4,
    "1532": 4,
    "1533": 6,
    "1534": 2,
    "1535": 7,
    "1536": 4,
    "1537": 4,
    "1538": 4,
    "1539": 5,
    "1540": 2,
    "1541": 8,
    "1542": 4,
    "1543": 4,
    "1544": 5,
    "1545": 2,
    "1546": 6,
    "1547": 6,
    "1548": 2,
    "1549": 8,
    "1550": 4,
    "1551": 5,
    "1552": 4,
    "1553": 4,
    "1554": 5,
    "1555": 2,
    "1556": 7,
    "1557": 2,
    "1558": 7,
    "1559": 4,
    "1560": 4,
    "1561": 4,
    "1562": 4,
    "1563": 4,
    "1564": 5,
    "1565": 4,
    "1566": 5,
    "1567": 4,
    "1568": 6,
    "1569": 4,
    "1570": 4,
    "1571": 5,
    "1572": 2,
    "1573": 8,
    "1574": 4,
    "1575": 5,
    "1576": 9,
    "1577": 4,
    "1578": 4,
    "1579": 4,
    "1580": 4,
    "1581": 4,
    "1582": 4,
    "1583": 5,
    "1584": 5,
    "1585": 5,
    "1586": 4,
    "1587": 4,
    "1588": 5,
    "1589": 4,
    "1590": 6,
    "1591": 4,
    "1592": 5,
    "1593": 4,
    "1594": 4,
    "1595": 6,
    "1596": 2,
    "1597": 7,
    "1598": 5,
    "1599": 4,
    "1600": 6,
    "1601": 4,
    "1602": 5,
    "1603": 4,
    "1604": 5,
    "1605": 4,
    "1606": 5,
    "1607": 4,
    "1608": 5,
    "1609": 5,
    "1610": 6,
    "1611": 9,
    "1612": 4,
    "1613": 4,
    "1614": 4,
    "1615": 5,
    "1616": 6,
    "1617": 5,
    "1618": 5,
    "1619": 7,
    "1620": 5,
    "1621": 8,
    "1622": 4,
    "1623": 5,
    "1624": 8,
    "1625": 4,
    "1626": 6,
    "1627": 4,
    "1628": 5,
    "1629": 4,
    "1630": 6,
    "1631": 2,
    "1632": 7,
    "1633": 4,
    "1634": 4,
    "1635": 5,
    "1636": 2,
    "1637": 8,
    "1638": 4,
    "1639": 4,
    "1640": 4,
    "1641": 5,
    "1642": 6,
    "1643": 6,
    "1644": 4,
    "1645": 5,
    "1646": 8,
    "1647": 7,
    "1648": 4,
    "1649": 4,
    "1650": 4,
    "1651": 4,
    "1652": 6,
    "1653": 4,
    "1654": 4,
    "1655": 5,
    "1656": 5,
    "1657": 4,
    "1658": 5,
    "1659": 4,
    "1660": 4,
    "1661": 4,
    "1662": 4,
    "1663": 4,
    "1664": 5,
    "1665": 5,
    "1666": 4,
    "1667": 5,
    "1668": 4,
    "1669": 5,
    "1670": 5,
    "1671": 6,
    "1672": 9,
    "1673": 2,
    "1674": 5,
    "1675": 5,
    "1676": 8,
    "1677": 4,
    "1678": 5,
    "1679": 4,
    "1680": 4,
    "1681": 5,
    "1682": 4,
    "1683": 6,
    "1684": 4,
    "1685": 4,
    "1686": 5,
    "1687": 5,
    "1688": 6,
    "1689": 6,
    "1690": 6,
    "1691": 4,
    "1692": 4,
    "1693": 5,
    "1694": 4,
    "1695": 4,
    "1696": 5,
    "1697": 4,
    "1698": 5,
    "1699": 6,
    "1700": 5,
    "1701": 4,
    "1702": 4,
    "1703": 5,
    "1704": 5,
    "1705": 6,
    "1706": 7,
    "1707": 5,
    "1708": 8,
    "1709": 4,
    "1710": 5,
    "1711": 5,
    "1712": 4,
    "1713": 4,
    "1714": 4,
    "1715": 4,
    "1716": 4,
    "1717": 5,
    "1718": 5,
    "1719": 4,
    "1720": 4,
    "1721": 6,
    "1722": 4,
    "1723": 5,
    "1724": 4,
    "1725": 6,
    "1726": 2,
    "1727": 7,
    "1728": 5,
    "1729": 8,
    "1730": 5,
    "1731": 5,
    "1732": 8,
    "1733": 5,
    "1734": 6,
    "1735": 5,
    "1736": 4,
    "1737": 5,
    "1738": 8,
    "1739": 7,
    "1740": 4,
    "1741": 4,
    "1742": 5,
    "1743": 4,
    "1744": 4,
    "1745": 5,
    "1746": 4,
    "1747": 8,
    "1748": 5,
    "1749": 8,
    "1750": 6,
    "1751": 5,
    "1752": 6,
    "1753": 4,
    "1754": 4,
    "1755": 4,
    "1756": 5,
    "1757": 5,
    "1758": 5,
    "1759": 6,
    "1760": 7,
    "1761": 6,
    "1762": 4,
    "1763": 5,
    "1764": 5,
    "1765": 5,
    "1766": 5,
    "1767": 6,
    "1768": 6,
    "1769": 4,
    "1770": 4,
    "1771": 5,
    "1772": 4,
    "1773": 5,
    "1774": 8,
    "1775": 5,
    "1776": 8,
    "1777": 8,
    "1778": 5,
    "1779": 6,
    "1780": 5,
    "1781": 6,
    "1782": 5,
    "1783": 6,
    "1784": 6,
    "1785": 4,
    "1786": 5,
    "1787": 9,
    "1788": 4,
    "1789": 4,
    "1790": 5,
    "1791": 4,
    "1792": 4,
    "1793": 4,
    "1794": 4,
    "1795": 6,
    "1796": 4,
    "1797": 4,
    "1798": 4,
    "1799": 4,
    "1800": 4,
    "1801": 5,
    "1802": 5,
    "1803": 4,
    "1804": 4,
    "1805": 4,
    "1806": 6,
    "1807": 2,
    "1808": 8,
    "1809": 4,
    "1810": 5,
    "1811": 5,
    "1812": 5,
    "1813": 4,
    "1814": 6,
    "1815": 2,
    "1816": 7,
    "1817": 4,
    "1818": 4,
    "1819": 5,
    "1820": 2,
    "1821": 6,
    "1822": 5,
    "1823": 6,
    "1824": 5,
    "1825": 6,
    "1826": 5,
    "1827": 7,
    "1828": 5,
    "1829": 8,
    "1830": 2,
    "1831": 6,
    "1832": 5,
    "1833": 6,
    "1834": 5,
    "1835": 5,
    "1836": 7,
    "1837": 5,
    "1838": 7,
    "1839": 6,
    "1840": 5,
    "1841": 5,
    "1842": 8,
    "1843": 4,
    "1844": 4,
    "1845": 5,
    "1846": 4,
    "1847": 5,
    "1848": 7,
    "1849": 4,
    "1850": 4,
    "1851": 4,
    "1852": 5,
    "1853": 6,
    "1854": 6,
    "1855": 4,
    "1856": 4,
    "1857": 5,
    "1858": 5,
    "1859": 4,
    "1860": 6,
    "1861": 4,
    "1862": 5,
    "1863": 4,
    "1864": 5,
    "1865": 8,
    "1866": 5,
    "1867": 6,
    "1868": 5,
    "1869": 5,
    "1870": 4,
    "1871": 4,
    "1872": 4,
    "1873": 4,
    "1874": 5,
    "1875": 4,
    "1876": 6,
    "1877": 4,
    "1878": 4,
    "1879": 4,
    "1880": 4,
    "1881": 5,
    "1882": 5,
    "1883": 4,
    "1884": 6,
    "1885": 2,
    "1886": 7,
    "1887": 2,
    "1888": 6,
    "1889": 5,
    "1890": 4,
    "1891": 6,
    "1892": 4,
    "1893": 6,
    "1894": 2,
    "1895": 6,
    "1896": 5,
    "1897": 5,
    "1898": 9,
    "1899": 4,
    "1900": 4,
    "1901": 4,
    "1902": 6,
    "1903": 4,
    "1904": 4,
    "1905": 4,
    "1906": 5,
    "1907": 2,
    "1908": 8,
    "1909": 5,
    "1910": 8,
    "1911": 2,
    "1912": 8,
    "1913": 5,
    "1914": 6,
    "1915": 4,
    "1916": 4,
    "1917": 5,
    "1918": 5,
    "1919": 6,
    "1920": 4,
    "1921": 4,
    "1922": 4,
    "1923": 5,
    "1924": 5,
    "1925": 4,
    "1926": 5,
    "1927": 6,
    "1928": 6,
    "1929": 2,
    "1930": 8,
    "1931": 5,
    "1932": 5,
    "1933": 5,
    "1934": 6,
    "1935": 5,
    "1936": 4,
    "1937": 5,
    "1938": 6,
    "1939": 5,
    "1940": 5,
    "1941": 5,
    "1942": 8,
    "1943": 4,
    "1944": 5,
    "1945": 4,
    "1946": 4,
    "1947": 4,
    "1948": 4,
    "1949": 5,
    "1950": 5,
    "1951": 6,
    "1952": 6,
    "1953": 5,
    "1954": 4,
    "1955": 6,
    "1956": 4,
    "1957": 4,
    "1958": 4,
    "1959": 4,
    "1960": 4,
    "1961": 4,
    "1962": 4,
    "1963": 5,
    "1964": 4,
    "1965": 4,
    "1966": 5,
    "1967": 4,
    "1968": 6,
    "1969": 4,
    "1970": 4,
    "1971": 5,
    "1972": 4,
    "1973": 4,
    "1974": 4,
    "1975": 4,
    "1976": 6,
    "1977": 4,
    "1978": 5,
    "1979": 4,
    "1980": 5,
    "1981": 4,
    "1982": 5,
    "1983": 4,
    "1984": 5,
    "1985": 7,
    "1986": 5,
    "1987": 5,
    "1988": 5,
    "1989": 8,
    "1990": 4,
    "1991": 5,
    "1992": 4,
    "1993": 5,
    "1994": 5,
    "1995": 6,
    "1996": 6,
    "1997": 4,
    "1998": 4,
    "1999": 5,
    "2000": 4,
    "2001": 4,
    "2002": 4,
    "2003": 5,
    "2004": 5,
    "2005": 4,
    "2006": 6,
    "2007": 4,
    "2008": 4,
    "2009": 4,
    "2010": 6,
    "2011": 2,
    "2012": 6,
    "2013": 6,
    "2014": 4,
    "2015": 5,
    "2016": 5,
    "2017": 5,
    "2018": 4,
    "2019": 4,
    "2020": 5,
    "2021": 4,
    "2022": 6,
    "2023": 4,
    "2024": 4,
    "2025": 4,
    "2026": 6,
    "2027": 2,
    "2028": 9,
    "2029": 2,
    "2030": 7,
    "2031": 4,
    "2032": 4,
    "2033": 4,
    "2034": 4,
    "2035": 4,
    "2036": 6,
    "2037": 2,
    "2038": 5,
    "2039": 7,
    "2040": 5,
    "2041": 4,
    "2042": 4,
    "2043": 4,
    "2044": 4,
    "2045": 4,
    "2046": 5,
    "2047": 5,
    "2048": 4,
    "2049": 5,
    "2050": 4,
    "2051": 6,
    "2052": 4,
    "2053": 4,
    "2054": 5,
    "2055": 4,
    "2056": 4,
    "2057": 4,
    "2058": 4,
    "2059": 6,
    "2060": 4,
    "2061": 4,
    "2062": 5,
    "2063": 5,
    "2064": 5,
    "2065": 4,
    "2066": 5,
    "2067": 4,
    "2068": 5,
    "2069": 8,
    "2070": 4,
    "2071": 4,
    "2072": 4,
    "2073": 4,
    "2074": 4,
    "2075": 5,
    "2076": 4,
    "2077": 4,
    "2078": 4,
    "2079": 2
  },
  "rank_distribution": {
    "1": 2,
    "2": 5,
    "3": 2,
    "4": 8,
    "5": 4,
    "6": 5,
    "7": 4,
    "8": 5,
    "9": 5,
    "10": 5,
    "11": 4,
    "12": 4,
    "13": 4,
    "14": 4,
    "15": 4,
    "16": 4,
    "17": 6,
    "18": 4,
    "19": 5,
    "20": 4,
    "21": 5,
    "22": 4,
    "23": 5,
    "24": 4,
    "25": 5,
    "26": 8,
    "27": 4,
    "28": 4,
    "29": 5,
    "30": 5,
    "31": 4,
    "32": 5,
    "33": 8,
    "34": 4,
    "35": 5,
    "36": 5,
    "37": 4,
    "38": 4,
    "39": 4,
    "40": 4,
    "41": 6,
    "42": 4,
    "43": 5,
    "44": 4,
    "45": 4,
    "46": 5,
    "47": 5,
    "48": 6,
    "49": 4,
    "50": 5,
    "51": 4,
    "52": 4,
    "53": 4,
    "54": 6,
    "55": 2,
    "56": 7,
    "57": 2,
    "58": 7,
    "59": 4,
    "60": 4,
    "61": 4,
    "62": 4,
    "63": 4,
    "64": 5,
    "65": 5,
    "66": 4,
    "67": 4,
    "68": 4,
    "69": 5,
    "70": 4,
    "71": 6,
    "72": 2,
    "73": 7,
    "74": 4,
    "75": 4,
    "76": 5,
    "77": 4,
    "78": 4,
    "79": 4,
    "80": 4,
    "81": 6,
    "82": 4,
    "83": 4,
    "84": 5,
    "85": 5,
    "86": 4,
    "87": 5,
    "88": 5,
    "89": 4,
    "90": 5,
    "91": 6,
    "92": 5,
    "93": 5,
    "94": 6,
    "95": 5,
    "96": 4,
    "97": 5,
    "98": 4,
    "99": 6,
    "100": 2,
    "101": 7,
    "102": 5,
    "103": 6,
    "104": 5,
    "105": 5,
    "106": 7,
    "107": 6,
    "108": 4,
    "109": 4,
    "110": 4,
    "111": 4,
    "112": 5,
    "113": 6,
    "114": 4,
    "115": 5,
    "116": 4,
    "117": 4,
    "118": 5,
    "119": 4,
    "120": 6,
    "121": 4,
    "122": 4,
    "123": 6,
    "124": 4,
    "125": 6,
    "126": 4,
    "127": 5,
    "128": 4,
    "129": 5,
    "130": 4,
    "131": 6,
    "132": 2,
    "133": 5,
    "134": 7,
    "135": 5,
    "136": 6,
    "137": 4,
    "138": 4,
    "139": 5,
    "140": 4,
    "141": 5,
    "142": 8,
    "143": 4,
    "144": 5,
    "145": 6,
    "146": 4,
    "147": 5,
    "148": 5,
    "149": 4,
    "150": 4,
    "151": 4,
    "152": 4,
    "153": 4,
    "154": 6,
    "155": 2,
    "156": 5,
    "157": 8,
    "158": 4,
    "159": 5,
    "160": 4,
    "161": 5,
    "162": 4,
    "163": 5,
    "164": 5,
    "165": 6,
    "166": 9,
    "167": 2,
    "168": 8,
    "169": 8,
    "170": 8,
    "171": 6,
    "172": 6,
    "173": 4,
    "174": 5,
    "175": 5,
    "176": 8,
    "177": 4,
    "178": 5,
    "179": 5,
    "180": 8,
    "181": 5,
    "182": 5,
    "183": 8,
    "184": 6,
    "185": 5,
    "186": 5,
    "187": 8,
    "188": 5,
    "189": 8,
    "190": 4,
    "191": 5,
    "192": 8,
    "193": 4,
    "194": 6,
    "195": 4,
    "196": 4,
    "197": 4,
    "198": 5,
    "199": 5,
    "200": 6,
    "201": 7,
    "202": 5,
    "203": 6,
    "204": 5,
    "205": 5,
    "206": 6,
    "207": 5,
    "208": 4,
    "209": 5,
    "210": 4,
    "211": 5,
    "212": 4,
    "213": 5,
    "214": 8,
    "215": 4,
    "216": 5,
    "217": 4,
    "218": 5,
    "219": 5,
    "220": 5,
    "221": 4,
    "222": 4,
    "223": 4,
    "224": 4,
    "225": 4,
    "226": 6,
    "227": 2,
    "228": 7,
    "229": 2,
    "230": 5,
    "231": 7,
    "232": 6,
    "233": 4,
    "234": 5,
    "235": 5,
    "236": 4,
    "237": 5,
    "238": 6,
    "239": 4,
    "240": 5,
    "241": 4,
    "242": 5,
    "243": 5,
    "244": 5,
    "245": 4,
    "246": 4,
    "247": 6,
    "248": 4,
    "249": 4,
    "250": 5,
    "251": 5,
    "252": 4,
    "253": 5,
    "254": 5,
    "255": 5,
    "256": 4,
    "257": 4,
    "258": 5,
    "259": 4,
    "260": 4,
    "261": 4,
    "262": 6,
    "263": 2,
    "264": 6,
    "265": 5,
    "266": 5,
    "267": 6,
    "268": 5,
    "269": 6,
    "270": 6,
    "271": 4,
    "272": 4,
    "273": 4,
    "274": 5,
    "275": 4,
    "276": 4,
    "277": 4,
    "278": 4,
    "279": 6,
    "280": 2,
    "281": 9,
    "282": 2,
    "283": 7,
    "284": 5,
    "285": 5,
    "286": 4,
    "287": 4,
    "288": 5,
    "289": 4,
    "290": 5,
    "291": 6,
    "292": 4,
    "293": 6,
    "294": 5,
    "295": 4,
    "296": 5,
    "297": 4,
    "298": 6,
    "299": 4,
    "300": 4,
    "301": 4,
    "302": 5,
    "303": 9,
    "304": 3,
    "305": 5,
    "306": 5,
    "307": 2,
    "308": 7,
    "309": 5,
    "310": 5,
    "311": 8,
    "312": 8,
    "313": 6,
    "314": 4,
    "315": 4,
    "316": 5,
    "317": 2,
    "318": 6,
    "319": 6,
    "320": 4,
    "321": 4,
    "322": 4,
    "323": 4,
    "324": 5,
    "325": 6,
    "326": 4,
    "327": 4,
    "328": 4,
    "329": 5,
    "330": 6,
    "331": 5,
    "332": 6,
    "333": 2,
    "334": 7,
    "335": 5,
    "336": 4,
    "337": 6,
    "338": 4,
    "339": 4,
    "340": 4,
    "341": 4,
    "342": 4,
    "343": 5,
    "344": 5,
    "345": 5,
    "346": 4,
    "347": 4,
    "348": 4,
    "349": 4,
    "350": 4,
    "351": 4,
    "352": 6,
    "353": 4,
    "354": 4,
    "355": 4,
    "356": 6,
    "357": 2,
    "358": 7,
    "359": 2,
    "360": 5,
    "361": 7,
    "362": 6,
    "363": 4,
    "364": 6,
    "365": 4,
    "366": 4,
    "367": 4,
    "368": 5,
    "369": 4,
    "370": 5,
    "371": 5,
    "372": 4,
    "373": 5,
    "374": 4,
    "375": 5,
    "376": 8,
    "377": 7,
    "378": 4,
    "379": 5,
    "380": 5,
    "381": 5,
    "382": 4,
    "383": 6,
    "384": 4,
    "385": 4,
    "386": 5,
    "387": 5,
    "388": 6,
    "389": 4,
    "390": 4,
    "391": 5,
    "392": 4,
    "393": 4,
    "394": 4,
    "395": 4,
    "396": 6,
    "397": 4,
    "398": 4,
    "399": 5,
    "400": 5,
    "401": 4,
    "402": 4,
    "403": 6,
    "404": 4,
    "405": 5,
    "406": 4,
    "407": 5,
    "408": 4,
    "409": 6,
    "410": 2,
    "411": 7,
    "412": 4,
    "413": 5,
    "414": 4,
    "415": 6,
    "416": 2,
    "417": 7,
    "418": 4,
    "419": 4,
    "420": 5,
    "421": 5,
    "422": 6,
    "423": 4,
    "424": 5,
    "425": 4,
    "426": 4,
    "427": 5,
    "428": 4,
    "429": 4,
    "430": 5,
    "431": 4,
    "432": 5,
    "433": 5,
    "434": 9,
    "435": 2,
    "436": 8,
    "437": 4,
    "438": 4,
    "439": 4,
    "440": 5,
    "441": 5,
    "442": 5,
    "443": 5,
    "444": 4,
    "445": 6,
    "446": 4,
    "447": 6,
    "448": 4,
    "449": 4,
    "450": 4,
    "451": 5,
    "452": 5,
    "453": 4,
    "454": 4,
    "455": 4,
    "456": 5,
    "457": 5,
    "458": 5,
    "459": 4,
    "460": 4,
    "461": 4,
    "462": 4,
    "463": 5,
    "464": 4,
    "465": 5,
    "466": 8,
    "467": 6,
    "468": 3,
    "469": 5,
    "470": 4,
    "471": 5,
    "472": 5,
    "473": 8,
    "474": 4,
    "475": 5,
    "476": 4,
    "477": 5,
    "478": 4,
    "479": 4,
    "480": 5,
    "481": 5,
    "482": 5,
    "483": 4,
    "484": 4,
    "485": 6,
    "486": 4,
    "487": 5,
    "488": 4,
    "489": 5,
    "490": 6,
    "491": 5,
    "492": 4,
    "493": 4,
    "494": 4,
    "495": 5,
    "496": 4,
    "497": 6,
    "498": 4,
    "499": 4,
    "500": 4,
    "501": 4,
    "502": 4,
    "503": 5,
    "504": 4,
    "505": 4,
    "506": 4,
    "507": 4,
    "508": 5,
    "509": 4,
    "510": 6,
    "511": 4,
    "512": 4,
    "513": 4,
    "514": 4,
    "515": 5,
    "516": 5,
    "517": 5,
    "518": 5,
    "519": 4,
    "520": 4,
    "521": 5,
    "522": 4,
    "523": 4,
    "524": 5,
    "525": 6,
    "526": 6,
    "527": 4,
    "528": 4,
    "529": 4,
    "530": 4,
    "531": 4,
    "532": 5,
    "533": 5,
    "534": 5,
    "535": 5,
    "536": 4,
    "537": 4,
    "538": 4,
    "539": 4,
    "540": 4,
    "541": 4,
    "542": 4,
    "543": 5,
    "544": 4,
    "545": 4,
    "546": 5,
    "547": 3,
    "548": 7,
    "549": 5,
    "550": 4,
    "551": 5,
    "552": 4,
    "553": 4,
    "554": 5,
    "555": 4,
    "556": 6,
    "557": 4,
    "558": 4,
    "559": 5,
    "560": 5,
    "561": 4,
    "562": 5,
    "563": 5,
    "564": 6,
    "565": 4,
    "566": 4,
    "567": 4,
    "568": 6,
    "569": 2,
    "570": 6,
    "571": 6,
    "572": 4,
    "573": 6,
    "574": 4,
    "575": 6,
    "576": 2,
    "577": 7,
    "578": 4,
    "579": 4,
    "580": 4,
    "581": 4,
    "582": 4,
    "583": 4,
    "584": 4,
    "585": 4,
    "586": 4,
    "587": 4,
    "588": 4,
    "589": 5,
    "590": 4,
    "591": 4,
    "592": 4,
    "593": 5,
    "594": 5,
    "595": 4,
    "596": 4,
    "597": 5,
    "598": 4,
    "599": 6,
    "600": 4,
    "601": 4,
    "602": 4,
    "603": 5,
    "604": 5,
    "605": 6,
    "606": 9,
    "607": 4,
    "608": 4,
    "609": 4,
    "610": 5,
    "611": 6,
    "612": 4,
    "613": 5,
    "614": 4,
    "615": 4,
    "616": 5,
    "617": 4,
    "618": 4,
    "619": 4,
    "620": 5,
    "621": 5,
    "622": 4,
    "623": 6,
    "624": 4,
    "625": 4,
    "626": 4,
    "627": 6,
    "628": 4,
    "629": 4,
    "630": 4,
    "631": 4,
    "632": 4,
    "633": 5,
    "634": 6,
    "635": 6,
    "636": 4,
    "637": 5,
    "638": 9,
    "639": 3,
    "640": 5,
    "641": 6,
    "642": 4,
    "643": 5,
    "644": 4,
    "645": 4,
    "646": 4,
    "647": 5,
    "648": 4,
    "649": 5,
    "650": 5,
    "651": 5,
    "652": 5,
    "653": 6,
    "654": 6,
    "655": 5,
    "656": 4,
    "657": 5,
    "658": 6,
    "659": 4,
    "660": 5,
    "661": 4,
    "662": 4,
    "663": 4,
    "664": 6,
    "665": 2,
    "666": 7,
    "667": 5,
    "668": 8,
    "669": 5,
    "670": 8,
    "671": 2,
    "672": 8,
    "673": 8,
    "674": 5,
    "675": 8,
    "676": 5,
    "677": 8,
    "678": 4,
    "679": 5,
    "680": 5,
    "681": 4,
    "682": 5,
    "683": 5,
    "684": 2,
    "685": 6,
    "686": 6,
    "687": 5,
    "688": 4,
    "689": 6,
    "690": 2,
    "691": 6,
    "692": 5,
    "693": 4,
    "694": 6,
    "695": 2,
    "696": 7,
    "697": 5,
    "698": 4,
    "699": 6,
    "700": 4,
    "701": 4,
    "702": 4,
    "703": 5,
    "704": 4,
    "705": 5,
    "706": 4,
    "707": 5,
    "708": 5,
    "709": 5,
    "710": 4,
    "711": 4,
    "712": 5,
    "713": 4,
    "714": 5,
    "715": 5,
    "716": 5,
    "717": 4,
    "718": 5,
    "719": 4,
    "720": 5,
    "721": 4,
    "722": 5,
    "723": 5,
    "724": 4,
    "725": 6,
    "726": 4,
    "727": 5,
    "728": 8,
    "729": 6,
    "730": 4,
    "731": 5,
    "732": 8,
    "733": 5,
    "734": 8,
    "735": 2,
    "736": 5,
    "737": 7,
    "738": 5,
    "739": 5,
    "740": 8,
    "741": 8,
    "742": 5,
    "743": 6,
    "744": 5,
    "745": 6,
    "746": 5,
    "747": 8,
    "748": 8,
    "749": 9,
    "750": 2,
    "751": 6,
    "752": 6,
    "753": 4,
    "754": 5,
    "755": 4,
    "756": 5,
    "757": 4,
    "758": 4,
    "759": 4,
    "760": 5,
    "761": 4,
    "762": 5,
    "763": 4,
    "764": 4,
    "765": 4,
    "766": 5,
    "767": 4,
    "768": 5,
    "769": 9,
    "770": 2,
    "771": 5,
    "772": 7,
    "773": 5,
    "774": 4,
    "775": 6,
    "776": 4,
    "777": 4,
    "778": 4,
    "779": 4,
    "780": 6,
    "781": 4,
    "782": 4,
    "783": 5,
    "784": 2,
    "785": 5,
    "786": 7,
    "787": 5,
    "788": 4,
    "789": 5,
    "790": 4,
    "791": 6,
    "792": 4,
    "793": 4,
    "794": 4,
    "795": 6,
    "796": 2,
    "797": 7,
    "798": 4,
    "799": 4,
    "800": 5,
    "801": 4,
    "802": 6,
    "803": 4,
    "804": 5,
    "805": 5,
    "806": 4,
    "807": 5,
    "808": 4,
    "809": 5,
    "810": 6,
    "811": 4,
    "812": 6,
    "813": 5,
    "814": 4,
    "815": 4,
    "816": 5,
    "817": 2,
    "818": 6,
    "819": 6,
    "820": 4,
    "821": 4,
    "822": 5,
    "823": 5,
    "824": 5,
    "825": 6,
    "826": 6,
    "827": 5,
    "828": 6,
    "829": 5,
    "830": 6,
    "831": 5,
    "832": 4,
    "833": 5,
    "834": 4,
    "835": 5,
    "836": 4,
    "837": 5,
    "838": 5,
    "839": 8,
    "840": 4,
    "841": 5,
    "842": 4,
    "843": 4,
    "844": 4,
    "845": 5,
    "846": 4,
    "847": 5,
    "848": 4,
    "849": 5,
    "850": 5,
    "851": 5,
    "852": 4,
    "853": 4,
    "854": 5,
    "855": 5,
    "856": 4,
    "857": 4,
    "858": 4,
    "859": 5,
    "860": 2,
    "861": 8,
    "862": 4,
    "863": 4,
    "864": 4,
    "865": 5,
    "866": 5,
    "867": 4,
    "868": 5,
    "869": 4,
    "870": 6,
    "871": 4,
    "872": 5,
    "873": 4,
    "874": 5,
    "875": 4,
    "876": 6,
    "877": 2,
    "878": 7,
    "879": 2,
    "880": 8,
    "881": 5,
    "882": 9,
    "883": 2,
    "884": 5,
    "885": 7,
    "886": 5,
    "887": 5,
    "888": 4,
    "889": 5,
    "890": 5,
    "891": 6,
    "892": 7,
    "893": 5,
    "894": 4,
    "895": 4,
    "896": 4,
    "897": 4,
    "898": 5,
    "899": 4,
    "900": 4,
    "901": 4,
    "902": 4,
    "903": 5,
    "904": 5,
    "905": 4,
    "906": 4,
    "907": 5,
    "908": 4,
    "909": 5,
    "910": 5,
    "911": 6,
    "912": 4,
    "913": 4,
    "914": 4,
    "915": 5,
    "916": 5,
    "917": 4,
    "918": 6,
    "919": 4,
    "920": 4,
    "921": 5,
    "922": 2,
    "923": 6,
    "924": 6,
    "925": 4,
    "926": 4,
    "927": 5,
    "928": 5,
    "929": 5,
    "930": 4,
    "931": 4,
    "932": 5,
    "933": 4,
    "934": 5,
    "935": 8,
    "936": 4,
    "937": 5,
    "938": 5,
    "939": 4,
    "940": 4,
    "941": 5,
    "942": 4,
    "943": 6,
    "944": 2,
    "945": 7,
    "946": 4,
    "947": 5,
    "948": 5,
    "949": 4,
    "950": 5,
    "951": 5,
    "952": 5,
    "953": 4,
    "954": 4,
    "955": 6,
    "956": 4,
    "957": 4,
    "958": 4,
    "959": 6,
    "960": 2,
    "961": 9,
    "962": 2,
    "963": 7,
    "964": 4,
    "965": 4,
    "966": 3,
    "967": 7,
    "968": 5,
    "969": 4,
    "970": 5,
    "971": 6,
    "972": 4,
    "973": 6,
    "974": 5,
    "975": 5,
    "976": 4,
    "977": 4,
    "978": 5,
    "979": 4,
    "980": 6,
    "981": 4,
    "982": 6,
    "983": 2,
    "984": 7,
    "985": 4,
    "986": 6,
    "987": 4,
    "988": 5,
    "989": 5,
    "990": 4,
    "991": 4,
    "992": 5,
    "993": 4,
    "994": 8,
    "995": 5,
    "996": 6,
    "997": 5,
    "998": 6,
    "999": 6,
    "1000": 5,
    "1001": 5,
    "1002": 4,
    "1003": 4,
    "1004": 5,
    "1005": 4,
    "1006": 6,
    "1007": 2,
    "1008": 6,
    "1009": 5,
    "1010": 8,
    "1011": 9,
    "1012": 3,
    "1013": 5,
    "1014": 8,
    "1015": 2,
    "1016": 8,
    "1017": 6,
    "1018": 4,
    "1019": 5,
    "1020": 4,
    "1021": 5,
    "1022": 4,
    "1023": 5,
    "1024": 5,
    "1025": 6,
    "1026": 6,
    "1027": 5,
    "1028": 5,
    "1029": 4,
    "1030": 6,
    "1031": 2,
    "1032": 7,
    "1033": 5,
    "1034": 4,
    "1035": 5,
    "1036": 4,
    "1037": 6,
    "1038": 4,
    "1039": 4,
    "1040": 5,
    "1041": 4,
    "1042": 6,
    "1043": 2,
    "1044": 7,
    "1045": 4,
    "1046": 5,
    "1047": 5,
    "1048": 2,
    "1049": 9,
    "1050": 2,
    "1051": 7,
    "1052": 4,
    "1053": 5,
    "1054": 4,
    "1055": 4,
    "1056": 4,
    "1057": 5,
    "1058": 4,
    "1059": 6,
    "1060": 4,
    "1061": 4,
    "1062": 5,
    "1063": 4,
    "1064": 5,
    "1065": 8,
    "1066": 4,
    "1067": 5,
    "1068": 8,
    "1069": 4,
    "1070": 6,
    "1071": 2,
    "1072": 7,
    "1073": 4,
    "1074": 5,
    "1075": 4,
    "1076": 6,
    "1077": 2,
    "1078": 7,
    "1079": 4,
    "1080": 4,
    "1081": 4,
    "1082": 6,
    "1083": 4,
    "1084": 4,
    "1085": 4,
    "1086": 6,
    "1087": 4,
    "1088": 4,
    "1089": 4,
    "1090": 4,
    "1091": 4,
    "1092": 5,
    "1093": 5,
    "1094": 4,
    "1095": 5,
    "1096": 5,
    "1097": 5,
    "1098": 6,
    "1099": 4,
    "1100": 5,
    "1101": 4,
    "1102": 4,
    "1103": 4,
    "1104": 5,
    "1105": 2,
    "1106": 6,
    "1107": 5,
    "1108": 6,
    "1109": 4,
    "1110": 5,
    "1111": 8,
    "1112": 6,
    "1113": 5,
    "1114": 5,
    "1115": 9,
    "1116": 2,
    "1117": 6,
    "1118": 5,
    "1119": 6,
    "1120": 4,
    "1121": 4,
    "1122": 4,
    "1123": 6,
    "1124": 4,
    "1125": 4,
    "1126": 5,
    "1127": 5,
    "1128": 4,
    "1129": 5,
    "1130": 5,
    "1131": 6,
    "1132": 6,
    "1133": 5,
    "1134": 4,
    "1135": 6,
    "1136": 4,
    "1137": 4,
    "1138": 4,
    "1139": 4,
    "1140": 4,
    "1141": 4,
    "1142": 6,
    "1143": 4,
    "1144": 4,
    "1145": 6,
    "1146": 4,
    "1147": 4,
    "1148": 5,
    "1149": 2,
    "1150": 6,
    "1151": 5,
    "1152": 5,
    "1153": 2,
    "1154": 6,
    "1155": 6,
    "1156": 5,
    "1157": 4,
    "1158": 5,
    "1159": 8,
    "1160": 5,
    "1161": 8,
    "1162": 6,
    "1163": 5,
    "1164": 5,
    "1165": 8,
    "1166": 4,
    "1167": 5,
    "1168": 4,
    "1169": 6,
    "1170": 2,
    "1171": 7,
    "1172": 4,
    "1173": 4,
    "1174": 5,
    "1175": 4,
    "1176": 4,
    "1177": 4,
    "1178": 4,
    "1179": 6,
    "1180": 4,
    "1181": 4,
    "1182": 5,
    "1183": 5,
    "1184": 2,
    "1185": 8,
    "1186": 8,
    "1187": 8,
    "1188": 5,
    "1189": 6,
    "1190": 4,
    "1191": 4,
    "1192": 4,
    "1193": 4,
    "1194": 4,
    "1195": 6,
    "1196": 4,
    "1197": 6,
    "1198": 4,
    "1199": 4,
    "1200": 4,
    "1201": 5,
    "1202": 5,
    "1203": 6,
    "1204": 4,
    "1205": 4,
    "1206": 5,
    "1207": 4,
    "1208": 6,
    "1209": 2,
    "1210": 7,
    "1211": 4,
    "1212": 5,
    "1213": 4,
    "1214": 4,
    "1215": 5,
    "1216": 4,
    "1217": 6,
    "1218": 4,
    "1219": 4,
    "1220": 4,
    "1221": 4,
    "1222": 5,
    "1223": 4,
    "1224": 6,
    "1225": 4,
    "1226": 4,
    "1227": 4,
    "1228": 5,
    "1229": 4,
    "1230": 6,
    "1231": 4,
    "1232": 4,
    "1233": 5,
    "1234": 2,
    "1235": 8,
    "1236": 8,
    "1237": 8,
    "1238": 5,
    "1239": 7,
    "1240": 4,
    "1241": 5,
    "1242": 9,
    "1243": 3,
    "1244": 5,
    "1245": 5,
    "1246": 5,
    "1247": 5,
    "1248": 5,
    "1249": 5,
    "1250": 6,
    "1251": 8,
    "1252": 5,
    "1253": 8,
    "1254": 6,
    "1255": 4,
    "1256": 5,
    "1257": 4,
    "1258": 5,
    "1259": 5,
    "1260": 4,
    "1261": 5,
    "1262": 4,
    "1263": 5,
    "1264": 5,
    "1265": 6,
    "1266": 7,
    "1267": 6,
    "1268": 4,
    "1269": 5,
    "1270": 8,
    "1271": 6,
    "1272": 4,
    "1273": 5,
    "1274": 4,
    "1275": 4,
    "1276": 4,
    "1277": 4,
    "1278": 4,
    "1279": 4,
    "1280": 4,
    "1281": 5,
    "1282": 4,
    "1283": 5,
    "1284": 8,
    "1285": 5,
    "1286": 6,
    "1287": 4,
    "1288": 6,
    "1289": 4,
    "1290": 5,
    "1291": 4,
    "1292": 6,
    "1293": 4,
    "1294": 4,
    "1295": 4,
    "1296": 6,
    "1297": 4,
    "1298": 5,
    "1299": 4,
    "1300": 5,
    "1301": 8,
    "1302": 6,
    "1303": 5,
    "1304": 5,
    "1305": 8,
    "1306": 5,
    "1307": 6,
    "1308": 5,
    "1309": 4,
    "1310": 6,
    "1311": 4,
    "1312": 4,
    "1313": 5,
    "1314": 2,
    "1315": 5,
    "1316": 7,
    "1317": 5,
    "1318": 4,
    "1319": 4,
    "1320": 4,
    "1321": 5,
    "1322": 5,
    "1323": 2,
    "1324": 7,
    "1325": 5,
    "1326": 5,
    "1327": 8,
    "1328": 6,
    "1329": 5,
    "1330": 6,
    "1331": 4,
    "1332": 5,
    "1333": 4,
    "1334": 4,
    "1335": 5,
    "1336": 6,
    "1337": 4,
    "1338": 5,
    "1339": 4,
    "1340": 4,
    "1341": 4,
    "1342": 5,
    "1343": 4,
    "1344": 6,
    "1345": 2,
    "1346": 7,
    "1347": 4,
    "1348": 4,
    "1349": 4,
    "1350": 4,
    "1351": 6,
    "1352": 4,
    "1353": 5,
    "1354": 4,
    "1355": 4,
    "1356": 5,
    "1357": 4,
    "1358": 5,
    "1359": 5,
    "1360": 5,
    "1361": 5,
    "1362": 5,
    "1363": 5,
    "1364": 4,
    "1365": 4,
    "1366": 5,
    "1367": 4,
    "1368": 6,
    "1369": 4,
    "1370": 4,
    "1371": 4,
    "1372": 4,
    "1373": 5,
    "1374": 4,
    "1375": 4,
    "1376": 4,
    "1377": 5,
    "1378": 5,
    "1379": 5,
    "1380": 4,
    "1381": 4,
    "1382": 4,
    "1383": 4,
    "1384": 5,
    "1385": 4,
    "1386": 6,
    "1387": 4,
    "1388": 4,
    "1389": 4,
    "1390": 4,
    "1391": 4,
    "1392": 4,
    "1393": 5,
    "1394": 5,
    "1395": 4,
    "1396": 4,
    "1397": 4,
    "1398": 4,
    "1399": 6,
    "1400": 2,
    "1401": 7,
    "1402": 4,
    "1403": 4,
    "1404": 4,
    "1405": 4,
    "1406": 4,
    "1407": 6,
    "1408": 4,
    "1409": 4,
    "1410": 5,
    "1411": 5,
    "1412": 4,
    "1413": 5,
    "1414": 4,
    "1415": 5,
    "1416": 5,
    "1417": 6,
    "1418": 6,
    "1419": 5,
    "1420": 4,
    "1421": 5,
    "1422": 6,
    "1423": 4,
    "1424": 5,
    "1425": 5,
    "1426": 6,
    "1427": 7,
    "1428": 4,
    "1429": 4,
    "1430": 4,
    "1431": 4,
    "1432": 5,
    "1433": 4,
    "1434": 5,
    "1435": 5,
    "1436": 5,
    "1437": 4,
    "1438": 6,
    "1439": 2,
    "1440": 7,
    "1441": 2,
    "1442": 7,
    "1443": 4,
    "1444": 4,
    "1445": 5,
    "1446": 5,
    "1447": 6,
    "1448": 7,
    "1449": 6,
    "1450": 4,
    "1451": 4,
    "1452": 5,
    "1453": 4,
    "1454": 5,
    "1455": 6,
    "1456": 6,
    "1457": 4,
    "1458": 5,
    "1459": 2,
    "1460": 7,
    "1461": 2,
    "1462": 7,
    "1463": 5,
    "1464": 5,
    "1465": 4,
    "1466": 4,
    "1467": 4,
    "1468": 4,
    "1469": 4,
    "1470": 5,
    "1471": 5,
    "1472": 5,
    "1473": 4,
    "1474": 4,
    "1475": 6,
    "1476": 4,
    "1477": 4,
    "1478": 4,
    "1479": 4,
    "1480": 4,
    "1481": 5,
    "1482": 4,
    "1483": 6,
    "1484": 4,
    "1485": 5,
    "1486": 4,
    "1487": 5,
    "1488": 8,
    "1489": 6,
    "1490": 4,
    "1491": 6,
    "1492": 4,
    "1493": 4,
    "1494": 4,
    "1495": 4,
    "1496": 4,
    "1497": 4,
    "1498": 5,
    "1499": 4,
    "1500": 5,
    "1501": 8,
    "1502": 6,
    "1503": 5,
    "1504": 5,
    "1505": 8,
    "1506": 5,
    "1507": 9,
    "1508": 2,
    "1509": 5,
    "1510": 8,
    "1511": 4,
    "1512": 5,
    "1513": 4,
    "1514": 4,
    "1515": 4,
    "1516": 4,
    "1517": 5,
    "1518": 4,
    "1519": 5,
    "1520": 4,
    "1521": 6,
    "1522": 4,
    "1523": 4,
    "1524": 4,
    "1525": 4,
    "1526": 4,
    "1527": 5,
    "1528": 4,
    "1529": 6,
    "1530": 4,
    "1531": 4,
    "1532": 4,
    "1533": 6,
    "1534": 2,
    "1535": 7,
    "1536": 4,
    "1537": 4,
    "1538": 4,
    "1539": 5,
    "1540": 2,
    "1541": 8,
    "1542": 4,
    "1543": 4,
    "1544": 5,
    "1545": 2,
    "1546": 6,
    "1547": 6,
    "1548": 2,
    "1549": 8,
    "1550": 4,
    "1551": 5,
    "1552": 4,
    "1553": 4,
    "1554": 5,
    "1555": 2,
    "1556": 7,
    "1557": 2,
    "1558": 7,
    "1559": 4,
    "1560": 4,
    "1561": 4,
    "1562": 4,
    "1563": 4,
    "1564": 5,
    "1565": 4,
    "1566": 5,
    "1567": 4,
    "1568": 6,
    "1569": 4,
    "1570": 4,
    "1571": 5,
    "1572": 2,
    "1573": 8,
    "1574": 4,
    "1575": 5,
    "1576": 9,
    "1577": 4,
    "1578": 4,
    "1579": 4,
    "1580": 4,
    "1581": 4,
    "1582": 4,
    "1583": 5,
    "1584": 5,
    "1585": 5,
    "1586": 4,
    "1587": 4,
    "1588": 5,
    "1589": 4,
    "1590": 6,
    "1591": 4,
    "1592": 5,
    "1593": 4,
    "1594": 4,
    "1595": 6,
    "1596": 2,
    "1597": 7,
    "1598": 5,
    "1599": 4,
    "1600": 6,
    "1601": 4,
    "1602": 5,
    "1603": 4,
    "1604": 5,
    "1605": 4,
    "1606": 5,
    "1607": 4,
    "1608": 5,
    "1609": 5,
    "1610": 6,
    "1611": 9,
    "1612": 4,
    "1613": 4,
    "1614": 4,
    "1615": 5,
    "1616": 6,
    "1617": 5,
    "1618": 5,
    "1619": 7,
    "1620": 5,
    "1621": 8,
    "1622": 4,
    "1623": 5,
    "1624": 8,
    "1625": 4,
    "1626": 6,
    "1627": 4,
    "1628": 5,
    "1629": 4,
    "1630": 6,
    "1631": 2,
    "1632": 7,
    "1633": 4,
    "1634": 4,
    "1635": 5,
    "1636": 2,
    "1637": 8,
    "1638": 4,
    "1639": 4,
    "1640": 4,
    "1641": 5,
    "1642": 6,
    "1643": 6,
    "1644": 4,
    "1645": 5,
    "1646": 8,
    "1647": 7,
    "1648": 4,
    "1649": 4,
    "1650": 4,
    "1651": 4,
    "1652": 6,
    "1653": 4,
    "1654": 4,
    "1655": 5,
    "1656": 5,
    "1657": 4,
    "1658": 5,
    "1659": 4,
    "1660": 4,
    "1661": 4,
    "1662": 4,
    "1663": 4,
    "1664": 5,
    "1665": 5,
    "1666": 4,
    "1667": 5,
    "1668": 4,
    "1669": 5,
    "1670": 5,
    "1671": 6,
    "1672": 9,
    "1673": 2,
    "1674": 5,
    "1675": 5,
    "1676": 8,
    "1677": 4,
    "1678": 5,
    "1679": 4,
    "1680": 4,
    "1681": 5,
    "1682": 4,
    "1683": 6,
    "1684": 4,
    "1685": 4,
    "1686": 5,
    "1687": 5,
    "1688": 6,
    "1689": 6,
    "1690": 6,
    "1691": 4,
    "1692": 4,
    "1693": 5,
    "1694": 4,
    "1695": 4,
    "1696": 5,
    "1697": 4,
    "1698": 5,
    "1699": 6,
    "1700": 5,
    "1701": 4,
    "1702": 4,
    "1703": 5,
    "1704": 5,
    "1705": 6,
    "1706": 7,
    "1707": 5,
    "1708": 8,
    "1709": 4,
    "1710": 5,
    "1711": 5,
    "1712": 4,
    "1713": 4,
    "1714": 4,
    "1715": 4,
    "1716": 4,
    "1717": 5,
    "1718": 5,
    "1719": 4,
    "1720": 4,
    "1721": 6,
    "1722": 4,
    "1723": 5,
    "1724": 4,
    "1725": 6,
    "1726": 2,
    "1727": 7,
    "1728": 5,
    "1729": 8,
    "1730": 5,
    "1731": 5,
    "1732": 8,
    "1733": 5,
    "1734": 6,
    "1735": 5,
    "1736": 4,
    "1737": 5,
    "1738": 8,
    "1739": 7,
    "1740": 4,
    "1741": 4,
    "1742": 5,
    "1743": 4,
    "1744": 4,
    "1745": 5,
    "1746": 4,
    "1747": 8,
    "1748": 5,
    "1749": 8,
    "1750": 6,
    "1751": 5,
    "1752": 6,
    "1753": 4,
    "1754": 4,
    "1755": 4,
    "1756": 5,
    "1757": 5,
    "1758": 5,
    "1759": 6,
    "1760": 7,
    "1761": 6,
    "1762": 4,
    "1763": 5,
    "1764": 5,
    "1765": 5,
    "1766": 5,
    "1767": 6,
    "1768": 6,
    "1769": 4,
    "1770": 4,
    "1771": 5,
    "1772": 4,
    "1773": 5,
    "1774": 8,
    "1775": 5,
    "1776": 8,
    "1777": 8,
    "1778": 5,
    "1779": 6,
    "1780": 5,
    "1781": 6,
    "1782": 5,
    "1783": 6,
    "1784": 6,
    "1785": 4,
    "1786": 5,
    "1787": 9,
    "1788": 4,
    "1789": 4,
    "1790": 5,
    "1791": 4,
    "1792": 4,
    "1793": 4,
    "1794": 4,
    "1795": 6,
    "1796": 4,
    "1797": 4,
    "1798": 4,
    "1799": 4,
    "1800": 4,
    "1801": 5,
    "1802": 5,
    "1803": 4,
    "1804": 4,
    "1805": 4,
    "1806": 6,
    "1807": 2,
    "1808": 8,
    "1809": 4,
    "1810": 5,
    "1811": 5,
    "1812": 5,
    "1813": 4,
    "1814": 6,
    "1815": 2,
    "1816": 7,
    "1817": 4,
    "1818": 4,
    "1819": 5,
    "1820": 2,
    "1821": 6,
    "1822": 5,
    "1823": 6,
    "1824": 5,
    "1825": 6,
    "1826": 5,
    "1827": 7,
    "1828": 5,
    "1829": 8,
    "1830": 2,
    "1831": 6,
    "1832": 5,
    "1833": 6,
    "1834": 5,
    "1835": 5,
    "1836": 7,
    "1837": 5,
    "1838": 7,
    "1839": 6,
    "1840": 5,
    "1841": 5,
    "1842": 8,
    "1843": 4,
    "1844": 4,
    "1845": 5,
    "1846": 4,
    "1847": 5,
    "1848": 7,
    "1849": 4,
    "1850": 4,
    "1851": 4,
    "1852": 5,
    "1853": 6,
    "1854": 6,
    "1855": 4,
    "1856": 4,
    "1857": 5,
    "1858": 5,
    "1859": 4,
    "1860": 6,
    "1861": 4,
    "1862": 5,
    "1863": 4,
    "1864": 5,
    "1865": 8,
    "1866": 5,
    "1867": 6,
    "1868": 5,
    "1869": 5,
    "1870": 4,
    "1871": 4,
    "1872": 4,
    "1873": 4,
    "1874": 5,
    "1875": 4,
    "1876": 6,
    "1877": 4,
    "1878": 4,
    "1879": 4,
    "1880": 4,
    "1881": 5,
    "1882": 5,
    "1883": 4,
    "1884": 6,
    "1885": 2,
    "1886": 7,
    "1887": 2,
    "1888": 6,
    "1889": 5,
    "1890": 4,
    "1891": 6,
    "1892": 4,
    "1893": 6,
    "1894": 2,
    "1895": 6,
    "1896": 5,
    "1897": 5,
    "1898": 9,
    "1899": 4,
    "1900": 4,
    "1901": 4,
    "1902": 6,
    "1903": 4,
    "1904": 4,
    "1905": 4,
    "1906": 5,
    "1907": 2,
    "1908": 8,
    "1909": 5,
    "1910": 8,
    "1911": 2,
    "1912": 8,
    "1913": 5,
    "1914": 6,
    "1915": 4,
    "1916": 4,
    "1917": 5,
    "1918": 5,
    "1919": 6,
    "1920": 4,
    "1921": 4,
    "1922": 4,
    "1923": 5,
    "1924": 5,
    "1925": 4,
    "1926": 5,
    "1927": 6,
    "1928": 6,
    "1929": 2,
    "1930": 8,
    "1931": 5,
    "1932": 5,
    "1933": 5,
    "1934": 6,
    "1935": 5,
    "1936": 4,
    "1937": 5,
    "1938": 6,
    "1939": 5,
    "1940": 5,
    "1941": 5,
    "1942": 8,
    "1943": 4,
    "1944": 5,
    "1945": 4,
    "1946": 4,
    "1947": 4,
    "1948": 4,
    "1949": 5,
    "1950": 5,
    "1951": 6,
    "1952": 6,
    "1953": 5,
    "1954": 4,
    "1955": 6,
    "1956": 4,
    "1957": 4,
    "1958": 4,
    "1959": 4,
    "1960": 4,
    "1961": 4,
    "1962": 4,
    "1963": 5,
    "1964": 4,
    "1965": 4,
    "1966": 5,
    "1967": 4,
    "1968": 6,
    "1969": 4,
    "1970": 4,
    "1971": 5,
    "1972": 4,
    "1973": 4,
    "1974": 4,
    "1975": 4,
    "1976": 6,
    "1977": 4,
    "1978": 5,
    "1979": 4,
    "1980": 5,
    "1981": 4,
    "1982": 5,
    "1983": 4,
    "1984": 5,
    "1985": 7,
    "1986": 5,
    "1987": 5,
    "1988": 5,
    "1989": 8,
    "1990": 4,
    "1991": 5,
    "1992": 4,
    "1993": 5,
    "1994": 5,
    "1995": 6,
    "1996": 6,
    "1997": 4,
    "1998": 4,
    "1999": 5,
    "2000": 4,
    "2001": 4,
    "2002": 4,
    "2003": 5,
    "2004": 5,
    "2005": 4,
    "2006": 6,
    "2007": 4,
    "2008": 4,
    "2009": 4,
    "2010": 6,
    "2011": 2,
    "2012": 6,
    "2013": 6,
    "2014": 4,
    "2015": 5,
    "2016": 5,
    "2017": 5,
    "2018": 4,
    "2019": 4,
    "2020": 5,
    "2021": 4,
    "2022": 6,
    "2023": 4,
    "2024": 4,
    "2025": 4,
    "2026": 6,
    "2027": 2,
    "2028": 9,
    "2029": 2,
    "2030": 7,
    "2031": 4,
    "2032": 4,
    "2033": 4,
    "2034": 4,
    "2035": 4,
    "2036": 6,
    "2037": 2,
    "2038": 5,
    "2039": 7,
    "2040": 5,
    "2041": 4,
    "2042": 4,
    "2043": 4,
    "2044": 4,
    "2045": 4,
    "2046": 5,
    "2047": 5,
    "2048": 4,
    "2049": 5,
    "2050": 4,
    "2051": 6,
    "2052": 4,
    "2053": 4,
    "2054": 5,
    "2055": 4,
    "2056": 4,
    "2057": 4,
    "2058": 4,
    "2059": 6,
    "2060": 4,
    "2061": 4,
    "2062": 5,
    "2063": 5,
    "2064": 5,
    "2065": 4,
    "2066": 5,
    "2067": 4,
    "2068": 5,
    "2069": 8,
    "2070": 4,
    "2071": 4,
    "2072": 4,
    "2073": 4,
    "2074": 4,
    "2075": 5,
    "2076": 4,
    "2077": 4,
    "2078": 4,
    "2079": 2
  }
}