[
  {
    "n": 3,
    "d": 1,
    "n_constraints": 0,
    "n_vars": 2,
    "rank_mod2": 0,
    "full_row_rank": true
  },
  {
    "n": 4,
    "d": 1,
    "n_constraints": 0,
    "n_vars": 2,
    "rank_mod2": 0,
    "full_row_rank": true
  },
  {
    "n": 5,
    "d": 1,
    "n_constraints": 0,
    "n_vars": 2,
    "rank_mod2": 0,
    "full_row_rank": true
  },
  {
    "n": 6,
    "d": 1,
    "n_constraints": 0,
    "n_vars": 2,
    "rank_mod2": 0,
    "full_row_rank": true
  },
  {
    "n": 7,
    "d": 1,
    "n_constraints": 0,
    "n_vars": 2,
    "rank_mod2": 0,
    "full_row_rank": true
  }
]