{
  "L": 8,
  "num_windows": 492,
  "results": [
    {
      "left": "60239554",
      "right": "46582305",
      "safe": true,
      "examples": []
    },
    {
      "left": "88646218",
      "right": "92263588",
      "safe": true,
      "examples": []
    },
    {
      "left": "16464395",
      "right": "94934745",
      "safe": true,
      "examples": []
    },
    {
      "left": "16225242",
      "right": "71436225",
      "safe": true,
      "examples": []
    },
    {
      "left": "35894448",
      "right": "74449853",
      "safe": true,
      "examples": []
    },
    {
      "left": "13196404",
      "right": "43946823",
      "safe": true,
      "examples": []
    },
    {
      "left": "94249041",
      "right": "13995238",
      "safe": true,
      "examples": []
    },
    {
      "left": "88386834",
      "right": "42768388",
      "safe": true,
      "examples": []
    },
    {
      "left": "15943068",
      "right": "47504495",
      "safe": true,
      "examples": []
    },
    {
      "left": "18147815",
      "right": "65097427",
      "safe": true,
      "examples": []
    },
    {
      "left": "10397479",
      "right": "79747940",
      "safe": true,
      "examples": []
    },
    {
      "left": "13166334",
      "right": "94226623",
      "safe": true,
      "examples": []
    },
    {
      "left": "92515326",
      "right": "73340628",
      "safe": true,
      "examples": []
    },
    {
      "left": "18768183",
      "right": "83718687",
      "safe": true,
      "examples": []
    },
    {
      "left": "83639202",
      "right": "30183737",
      "safe": true,
      "examples": []
    },
    {
      "left": "18362205",
      "right": "95922647",
      "safe": true,
      "examples": []
    },
    {
      "left": "10665862",
      "right": "02674769",
      "safe": true,
      "examples": []
    },
    {
      "left": "93198167",
      "right": "76080228",
      "safe": true,
      "examples": []
    },
    {
      "left": "22613941",
      "right": "04040522",
      "safe": true,
      "examples": []
    },
    {
      "left": "18228028",
      "right": "28109327",
      "safe": true,
      "examples": []
    },
    {
      "left": "94224721",
      "right": "12742238",
      "safe": true,
      "examples": []
    },
    {
      "left": "99233241",
      "right": "14223388",
      "safe": true,
      "examples": []
    },
    {
      "left": "38847213",
      "right": "31164883",
      "safe": true,
      "examples": []
    },
    {
      "left": "45082222",
      "right": "22227944",
      "safe": true,
      "examples": []
    },
    {
      "left": "17822524",
      "right": "73163187",
      "safe": true,
      "examples": []
    },
    {
      "left": "15785140",
      "right": "89326775",
      "safe": true,
      "examples": []
    },
    {
      "left": "94426818",
      "right": "91773438",
      "safe": true,
      "examples": []
    },
    {
      "left": "17718244",
      "right": "73528276",
      "safe": true,
      "examples": []
    },
    {
      "left": "13577494",
      "right": "73848852",
      "safe": true,
      "examples": []
    },
    {
      "left": "18808381",
      "right": "81938087",
      "safe": true,
      "examples": []
    },
    {
      "left": "10901911",
      "right": "21082090",
      "safe": true,
      "examples": []
    },
    {
      "left": "18390083",
      "right": "44899947",
      "safe": true,
      "examples": []
    },
    {
      "left": "88627862",
      "right": "36773578",
      "safe": true,
      "examples": []
    },
    {
      "left": "10431511",
      "right": "42052339",
      "safe": true,
      "examples": []
    },
    {
      "left": "88977226",
      "right": "72286888",
      "safe": true,
      "examples": []
    },
    {
      "left": "89245963",
      "right": "37943298",
      "safe": true,
      "examples": []
    },
    {
      "left": "85000782",
      "right": "17810047",
      "safe": true,
      "examples": []
    },
    {
      "left": "11158951",
      "right": "11589511",
      "safe": true,
      "examples": []
    },
    {
      "left": "91799334",
      "right": "44389818",
      "safe": true,
      "examples": []
    },
    {
      "left": "99290869",
      "right": "86909388",
      "safe": true,
      "examples": []
    },
    {
      "left": "65558183",
      "right": "47195545",
      "safe": true,
      "examples": []
    },
    {
      "left": "17537224",
      "right": "94218357",
      "safe": true,
      "examples": []
    },
    {
      "left": "87184924",
      "right": "43048267",
      "safe": true,
      "examples": []
    },
    {
      "left": "11936757",
      "right": "48567490",
      "safe": true,
      "examples": []
    },
    {
      "left": "91339120",
      "right": "02083418",
      "safe": true,
      "examples": []
    },
    {
      "left": "94796171",
      "right": "07258848",
      "safe": true,
      "examples": []
    },
    {
      "left": "10755470",
      "right": "10755470",
      "safe": true,
      "examples": []
    },
    {
      "left": "37779087",
      "right": "69097772",
      "safe": true,
      "examples": []
    },
    {
      "left": "18410227",
      "right": "37121147",
      "safe": true,
      "examples": []
    },
    {
      "left": "68818804",
      "right": "40881875",
      "safe": true,
      "examples": []
    },
    {
      "left": "16488451",
      "right": "51539945",
      "safe": true,
      "examples": []
    },
    {
      "left": "45747659",
      "right": "06673654",
      "safe": true,
      "examples": []
    },
    {
      "left": "90626872",
      "right": "16971608",
      "safe": true,
      "examples": []
    },
    {
      "left": "10748999",
      "right": "79997479",
      "safe": true,
      "examples": []
    },
    {
      "left": "73561151",
      "right": "25116526",
      "safe": true,
      "examples": []
    },
    {
      "left": "13169120",
      "right": "59120613",
      "safe": true,
      "examples": []
    },
    {
      "left": "17968144",
      "right": "24428597",
      "safe": true,
      "examples": []
    },
    {
      "left": "36058917",
      "right": "81895953",
      "safe": true,
      "examples": []
    },
    {
      "left": "46061338",
      "right": "84415954",
      "safe": true,
      "examples": []
    },
    {
      "left": "17703570",
      "right": "01644176",
      "safe": true,
      "examples": []
    },
    {
      "left": "18408442",
      "right": "92449047",
      "safe": true,
      "examples": []
    },
    {
      "left": "16175687",
      "right": "08766715",
      "safe": true,
      "examples": []
    },
    {
      "left": "14448675",
      "right": "34779443",
      "safe": true,
      "examples": []
    },
    {
      "left": "17722499",
      "right": "29942386",
      "safe": true,
      "examples": []
    },
    {
      "left": "72330202",
      "right": "20213217",
      "safe": true,
      "examples": []
    },
    {
      "left": "19191485",
      "right": "85742028",
      "safe": true,
      "examples": []
    },
    {
      "left": "91590284",
      "right": "38210608",
      "safe": true,
      "examples": []
    },
    {
      "left": "89112991",
      "right": "10021188",
      "safe": true,
      "examples": []
    },
    {
      "left": "46155505",
      "right": "49554164",
      "safe": true,
      "examples": []
    },
    {
      "left": "47330427",
      "right": "83392374",
      "safe": true,
      "examples": []
    },
    {
      "left": "89348885",
      "right": "47884398",
      "safe": true,
      "examples": []
    },
    {
      "left": "13575294",
      "right": "84826852",
      "safe": true,
      "examples": []
    },
    {
      "left": "97261474",
      "right": "48506368",
      "safe": true,
      "examples": []
    },
    {
      "left": "13610597",
      "right": "77060063",
      "safe": true,
      "examples": []
    },
    {
      "left": "23971775",
      "right": "57727832",
      "safe": true,
      "examples": []
    },
    {
      "left": "66879866",
      "right": "66897756",
      "safe": true,
      "examples": []
    },
    {
      "left": "13612230",
      "right": "40233063",
      "safe": true,
      "examples": []
    },
    {
      "left": "92301099",
      "right": "00109328",
      "safe": true,
      "examples": []
    },
    {
      "left": "17787469",
      "right": "69737877",
      "safe": true,
      "examples": []
    },
    {
      "left": "91044954",
      "right": "46054008",
      "safe": true,
      "examples": []
    },
    {
      "left": "19909916",
      "right": "67289198",
      "safe": true,
      "examples": []
    },
    {
      "left": "27350877",
      "right": "77895362",
      "safe": true,
      "examples": []
    },
    {
      "left": "13672844",
      "right": "64382872",
      "safe": true,
      "examples": []
    },
    {
      "left": "29164487",
      "right": "77346192",
      "safe": true,
      "examples": []
    },
    {
      "left": "17673135",
      "right": "35312776",
      "safe": true,
      "examples": []
    },
    {
      "left": "18150884",
      "right": "05879527",
      "safe": true,
      "examples": []
    },
    {
      "left": "15900265",
      "right": "46510105",
      "safe": true,
      "examples": []
    },
    {
      "left": "16343249",
      "right": "19512545",
      "safe": true,
      "examples": []
    },
    {
      "left": "70594356",
      "right": "65338606",
      "safe": true,
      "examples": []
    },
    {
      "left": "37892795",
      "right": "59620962",
      "safe": true,
      "examples": []
    },
    {
      "left": "85191620",
      "right": "02609247",
      "safe": true,
      "examples": []
    },
    {
      "left": "13182957",
      "right": "18593713",
      "safe": true,
      "examples": []
    },
    {
      "left": "17869776",
      "right": "06768796",
      "safe": true,
      "examples": []
    },
    {
      "left": "18032253",
      "right": "32433307",
      "safe": true,
      "examples": []
    },
    {
      "left": "85383533",
      "right": "42439447",
      "safe": true,
      "examples": []
    },
    {
      "left": "14769028",
      "right": "28208683",
      "safe": true,
      "examples": []
    },
    {
      "left": "73547538",
      "right": "93485526",
      "safe": true,
      "examples": []
    },
    {
      "left": "17653692",
      "right": "72973576",
      "safe": true,
      "examples": []
    },
    {
      "left": "18096971",
      "right": "31886017",
      "safe": true,
      "examples": []
    },
    {
      "left": "10133776",
      "right": "86773320",
      "safe": true,
      "examples": []
    },
    {
      "left": "17514479",
      "right": "19745157",
      "safe": true,
      "examples": []
    },
    {
      "left": "17863324",
      "right": "04223796",
      "safe": true,
      "examples": []
    },
    {
      "left": "49743509",
      "right": "00434794",
      "safe": true,
      "examples": []
    },
    {
      "left": "23127257",
      "right": "74282032",
      "safe": true,
      "examples": []
    },
    {
      "left": "90968546",
      "right": "64585908",
      "safe": true,
      "examples": []
    },
    {
      "left": "83886882",
      "right": "28868937",
      "safe": true,
      "examples": []
    },
    {
      "left": "11663140",
      "right": "30412770",
      "safe": true,
      "examples": []
    },
    {
      "left": "90618210",
      "right": "10191608",
      "safe": true,
      "examples": []
    },
    {
      "left": "15132188",
      "right": "89223041",
      "safe": true,
      "examples": []
    },
    {
      "left": "10097925",
      "right": "46396909",
      "safe": true,
      "examples": []
    },
    {
      "left": "99360414",
      "right": "32495399",
      "safe": true,
      "examples": []
    },
    {
      "left": "10965011",
      "right": "42105590",
      "safe": true,
      "examples": []
    },
    {
      "left": "71788895",
      "right": "58899706",
      "safe": true,
      "examples": []
    },
    {
      "left": "13142659",
      "right": "08661423",
      "safe": true,
      "examples": []
    },
    {
      "left": "13604250",
      "right": "29534062",
      "safe": true,
      "examples": []
    },
    {
      "left": "97449922",
      "right": "21905468",
      "safe": true,
      "examples": []
    },
    {
      "left": "18054940",
      "right": "13846071",
      "safe": true,
      "examples": []
    },
    {
      "left": "77786187",
      "right": "68267876",
      "safe": true,
      "examples": []
    },
    {
      "left": "93507933",
      "right": "33969538",
      "safe": true,
      "examples": []
    },
    {
      "left": "74025155",
      "right": "66152036",
      "safe": true,
      "examples": []
    },
    {
      "left": "84724043",
      "right": "43932847",
      "safe": true,
      "examples": []
    },
    {
      "left": "22786940",
      "right": "93969712",
      "safe": true,
      "examples": []
    },
    {
      "left": "13265973",
      "right": "33795622",
      "safe": true,
      "examples": []
    },
    {
      "left": "13305261",
      "right": "50734933",
      "safe": true,
      "examples": []
    },
    {
      "left": "84720287",
      "right": "69301747",
      "safe": true,
      "examples": []
    },
    {
      "left": "17219156",
      "right": "86420127",
      "safe": true,
      "examples": []
    },
    {
      "left": "31395138",
      "right": "74259302",
      "safe": true,
      "examples": []
    },
    {
      "left": "45828584",
      "right": "37592754",
      "safe": true,
      "examples": []
    },
    {
      "left": "15372276",
      "right": "77227241",
      "safe": true,
      "examples": []
    },
    {
      "left": "15980042",
      "right": "42400905",
      "safe": true,
      "examples": []
    },
    {
      "left": "13277093",
      "right": "42818722",
      "safe": true,
      "examples": []
    },
    {
      "left": "16385687",
      "right": "18954945",
      "safe": true,
      "examples": []
    },
    {
      "left": "13095444",
      "right": "95534913",
      "safe": true,
      "examples": []
    },
    {
      "left": "17134315",
      "right": "66223327",
      "safe": true,
      "examples": []
    },
    {
      "left": "13263130",
      "right": "71313622",
      "safe": true,
      "examples": []
    },
    {
      "left": "12064128",
      "right": "92136011",
      "safe": true,
      "examples": []
    },
    {
      "left": "44489163",
      "right": "36088444",
      "safe": true,
      "examples": []
    },
    {
      "left": "31374680",
      "right": "97757302",
      "safe": true,
      "examples": []
    },
    {
      "left": "98538263",
      "right": "46194578",
      "safe": true,
      "examples": []
    },
    {
      "left": "13099292",
      "right": "92928913",
      "safe": true,
      "examples": []
    },
    {
      "left": "59189998",
      "right": "89999284",
      "safe": true,
      "examples": []
    },
    {
      "left": "47248966",
      "right": "66985264",
      "safe": true,
      "examples": []
    },
    {
      "left": "14301486",
      "right": "46741044",
      "safe": true,
      "examples": []
    },
    {
      "left": "13134469",
      "right": "39645313",
      "safe": true,
      "examples": []
    },
    {
      "left": "17369767",
      "right": "87789537",
      "safe": true,
      "examples": []
    },
    {
      "left": "13705032",
      "right": "21304083",
      "safe": true,
      "examples": []
    },
    {
      "left": "41923163",
      "right": "36123013",
      "safe": true,
      "examples": []
    },
    {
      "left": "87873946",
      "right": "65047867",
      "safe": true,
      "examples": []
    },
    {
      "left": "45405034",
      "right": "54050344",
      "safe": true,
      "examples": []
    },
    {
      "left": "35322452",
      "right": "35322452",
      "safe": true,
      "examples": []
    },
    {
      "left": "18951897",
      "right": "79804981",
      "safe": true,
      "examples": []
    },
    {
      "left": "70816854",
      "right": "45860806",
      "safe": true,
      "examples": []
    },
    {
      "left": "16431308",
      "right": "38131345",
      "safe": true,
      "examples": []
    },
    {
      "left": "95958662",
      "right": "15686058",
      "safe": true,
      "examples": []
    },
    {
      "left": "17616562",
      "right": "63646266",
      "safe": true,
      "examples": []
    },
    {
      "left": "87461175",
      "right": "46117567",
      "safe": true,
      "examples": []
    },
    {
      "left": "93754792",
      "right": "18745838",
      "safe": true,
      "examples": []
    },
    {
      "left": "51745344",
      "right": "44354814",
      "safe": true,
      "examples": []
    },
    {
      "left": "86436983",
      "right": "38073457",
      "safe": true,
      "examples": []
    },
    {
      "left": "17838694",
      "right": "15077396",
      "safe": true,
      "examples": []
    },
    {
      "left": "88368327",
      "right": "83276388",
      "safe": true,
      "examples": []
    },
    {
      "left": "15687340",
      "right": "93378651",
      "safe": true,
      "examples": []
    },
    {
      "left": "96193396",
      "right": "70429258",
      "safe": true,
      "examples": []
    },
    {
      "left": "88518275",
      "right": "66290488",
      "safe": true,
      "examples": []
    },
    {
      "left": "10470952",
      "right": "51500749",
      "safe": true,
      "examples": []
    },
    {
      "left": "39438143",
      "right": "34084383",
      "safe": true,
      "examples": []
    },
    {
      "left": "17192709",
      "right": "29172817",
      "safe": true,
      "examples": []
    },
    {
      "left": "66001829",
      "right": "02711056",
      "safe": true,
      "examples": []
    },
    {
      "left": "45613266",
      "right": "66330554",
      "safe": true,
      "examples": []
    },
    {
      "left": "19312049",
      "right": "39501248",
      "safe": true,
      "examples": []
    },
    {
      "left": "17583793",
      "right": "73973857",
      "safe": true,
      "examples": []
    },
    {
      "left": "18000989",
      "right": "98901007",
      "safe": true,
      "examples": []
    },
    {
      "left": "20515136",
      "right": "53162491",
      "safe": true,
      "examples": []
    },
    {
      "left": "85882890",
      "right": "98937857",
      "safe": true,
      "examples": []
    },
    {
      "left": "17941952",
      "right": "22591397",
      "safe": true,
      "examples": []
    },
    {
      "left": "88365676",
      "right": "67656388",
      "safe": true,
      "examples": []
    },
    {
      "left": "13162370",
      "right": "91722613",
      "safe": true,
      "examples": []
    },
    {
      "left": "15697623",
      "right": "41579651",
      "safe": true,
      "examples": []
    },
    {
      "left": "17771109",
      "right": "90100886",
      "safe": true,
      "examples": []
    },
    {
      "left": "90054445",
      "right": "44455998",
      "safe": true,
      "examples": []
    },
    {
      "left": "17603563",
      "right": "93653066",
      "safe": true,
      "examples": []
    },
    {
      "left": "17123731",
      "right": "11473217",
      "safe": true,
      "examples": []
    },
    {
      "left": "17825912",
      "right": "21095396",
      "safe": true,
      "examples": []
    },
    {
      "left": "69150484",
      "right": "37515086",
      "safe": true,
      "examples": []
    },
    {
      "left": "63653368",
      "right": "97325626",
      "safe": true,
      "examples": []
    },
    {
      "left": "17602285",
      "right": "85712176",
      "safe": true,
      "examples": []
    },
    {
      "left": "47844551",
      "right": "15445764",
      "safe": true,
      "examples": []
    },
    {
      "left": "13987717",
      "right": "58177803",
      "safe": true,
      "examples": []
    },
    {
      "left": "17585348",
      "right": "37346757",
      "safe": true,
      "examples": []
    },
    {
      "left": "94563068",
      "right": "87126638",
      "safe": true,
      "examples": []
    },
    {
      "left": "99549633",
      "right": "33594599",
      "safe": true,
      "examples": []
    },
    {
      "left": "36136754",
      "right": "44674053",
      "safe": true,
      "examples": []
    },
    {
      "left": "17532162",
      "right": "92622267",
      "safe": true,
      "examples": []
    },
    {
      "left": "10517146",
      "right": "77408150",
      "safe": true,
      "examples": []
    },
    {
      "left": "17784545",
      "right": "34564876",
      "safe": true,
      "examples": []
    },
    {
      "left": "13127771",
      "right": "30688113",
      "safe": true,
      "examples": []
    },
    {
      "left": "12011735",
      "right": "85381101",
      "safe": true,
      "examples": []
    },
    {
      "left": "89198921",
      "right": "02088198",
      "safe": true,
      "examples": []
    },
    {
      "left": "17797625",
      "right": "46258086",
      "safe": true,
      "examples": []
    },
    {
      "left": "36038154",
      "right": "35183953",
      "safe": true,
      "examples": []
    },
    {
      "left": "44316375",
      "right": "48460244",
      "safe": true,
      "examples": []
    },
    {
      "left": "44757771",
      "right": "27774644",
      "safe": true,
      "examples": []
    },
    {
      "left": "17677355",
      "right": "86636776",
      "safe": true,
      "examples": []
    },
    {
      "left": "85394489",
      "right": "88450447",
      "safe": true,
      "examples": []
    },
    {
      "left": "89947703",
      "right": "30674898",
      "safe": true,
      "examples": []
    },
    {
      "left": "79295586",
      "right": "59649386",
      "safe": true,
      "examples": []
    },
    {
      "left": "12630574",
      "right": "83661262",
      "safe": true,
      "examples": []
    },
    {
      "left": "97782847",
      "right": "73928868",
      "safe": true,
      "examples": []
    },
    {
      "left": "17848093",
      "right": "74897596",
      "safe": true,
      "examples": []
    },
    {
      "left": "19179922",
      "right": "23399718",
      "safe": true,
      "examples": []
    },
    {
      "left": "97550586",
      "right": "68615568",
      "safe": true,
      "examples": []
    },
    {
      "left": "60744805",
      "right": "60744805",
      "safe": true,
      "examples": []
    },
    {
      "left": "16120388",
      "right": "48839225",
      "safe": true,
      "examples": []
    },
    {
      "left": "17744944",
      "right": "25484487",
      "safe": true,
      "examples": []
    },
    {
      "left": "39941271",
      "right": "16313993",
      "safe": true,
      "examples": []
    },
    {
      "left": "15979997",
      "right": "86899805",
      "safe": true,
      "examples": []
    },
    {
      "left": "71976307",
      "right": "80367016",
      "safe": true,
      "examples": []
    },
    {
      "left": "66970252",
      "right": "24317856",
      "safe": true,
      "examples": []
    },
    {
      "left": "92882186",
      "right": "69217928",
      "safe": true,
      "examples": []
    },
    {
      "left": "17994700",
      "right": "70074996",
      "safe": true,
      "examples": []
    },
    {
      "left": "17126075",
      "right": "85706217",
      "safe": true,
      "examples": []
    },
    {
      "left": "75512775",
      "right": "57721546",
      "safe": true,
      "examples": []
    },
    {
      "left": "91385319",
      "right": "02348408",
      "safe": true,
      "examples": []
    },
    {
      "left": "70864840",
      "right": "13746906",
      "safe": true,
      "examples": []
    },
    {
      "left": "96892300",
      "right": "00318968",
      "safe": true,
      "examples": []
    },
    {
      "left": "13176204",
      "right": "94916822",
      "safe": true,
      "examples": []
    },
    {
      "left": "87215745",
      "right": "64761267",
      "safe": true,
      "examples": []
    },
    {
      "left": "75383642",
      "right": "33539446",
      "safe": true,
      "examples": []
    },
    {
      "left": "11971639",
      "right": "00351801",
      "safe": true,
      "examples": []
    },
    {
      "left": "94599003",
      "right": "30990638",
      "safe": true,
      "examples": []
    },
    {
      "left": "58917545",
      "right": "44581885",
      "safe": true,
      "examples": []
    },
    {
      "left": "92271960",
      "right": "07027218",
      "safe": true,
      "examples": []
    },
    {
      "left": "17820890",
      "right": "61090187",
      "safe": true,
      "examples": []
    },
    {
      "left": "87595564",
      "right": "46560667",
      "safe": true,
      "examples": []
    },
    {
      "left": "84848181",
      "right": "09174947",
      "safe": true,
      "examples": []
    },
    {
      "left": "14565032",
      "right": "93295753",
      "safe": true,
      "examples": []
    },
    {
      "left": "85631089",
      "right": "89113647",
      "safe": true,
      "examples": []
    },
    {
      "left": "89337849",
      "right": "84873398",
      "safe": true,
      "examples": []
    },
    {
      "left": "97411510",
      "right": "11402469",
      "safe": true,
      "examples": []
    },
    {
      "left": "17578085",
      "right": "55907667",
      "safe": true,
      "examples": []
    },
    {
      "left": "72955327",
      "right": "72255927",
      "safe": true,
      "examples": []
    },
    {
      "left": "48946418",
      "right": "92463884",
      "safe": true,
      "examples": []
    },
    {
      "left": "68414272",
      "right": "37141386",
      "safe": true,
      "examples": []
    },
    {
      "left": "90635373",
      "right": "48352608",
      "safe": true,
      "examples": []
    },
    {
      "left": "13258194",
      "right": "74919523",
      "safe": true,
      "examples": []
    },
    {
      "left": "50324271",
      "right": "16352294",
      "safe": true,
      "examples": []
    },
    {
      "left": "37067572",
      "right": "38575963",
      "safe": true,
      "examples": []
    },
    {
      "left": "71208345",
      "right": "54281206",
      "safe": true,
      "examples": []
    },
    {
      "left": "93590688",
      "right": "88709529",
      "safe": true,
      "examples": []
    },
    {
      "left": "16317759",
      "right": "69567245",
      "safe": true,
      "examples": []
    },
    {
      "left": "44771316",
      "right": "61316744",
      "safe": true,
      "examples": []
    },
    {
      "left": "45850141",
      "right": "24104754",
      "safe": true,
      "examples": []
    },
    {
      "left": "31826684",
      "right": "48662813",
      "safe": true,
      "examples": []
    },
    {
      "left": "14591055",
      "right": "44611854",
      "safe": true,
      "examples": []
    },
    {
      "left": "29644554",
      "right": "44454592",
      "safe": true,
      "examples": []
    },
    {
      "left": "87656536",
      "right": "74565667",
      "safe": true,
      "examples": []
    },
    {
      "left": "89405544",
      "right": "45550388",
      "safe": true,
      "examples": []
    },
    {
      "left": "12471545",
      "right": "54506421",
      "safe": true,
      "examples": []
    },
    {
      "left": "89710079",
      "right": "97100798",
      "safe": true,
      "examples": []
    },
    {
      "left": "70622352",
      "right": "14322706",
      "safe": true,
      "examples": []
    },
    {
      "left": "13284159",
      "right": "49525822",
      "safe": true,
      "examples": []
    },
    {
      "left": "12663760",
      "right": "81763761",
      "safe": true,
      "examples": []
    },
    {
      "left": "17221532",
      "right": "61361127",
      "safe": true,
      "examples": []
    },
    {
      "left": "17616180",
      "right": "20707266",
      "safe": true,
      "examples": []
    },
    {
      "left": "11773608",
      "right": "99153870",
      "safe": true,
      "examples": []
    },
    {
      "left": "93328468",
      "right": "86493328",
      "safe": true,
      "examples": []
    },
    {
      "left": "19384543",
      "right": "34549381",
      "safe": true,
      "examples": []
    },
    {
      "left": "87816479",
      "right": "97472867",
      "safe": true,
      "examples": []
    },
    {
      "left": "13697731",
      "right": "91376972",
      "safe": true,
      "examples": []
    },
    {
      "left": "14566247",
      "right": "46436653",
      "safe": true,
      "examples": []
    },
    {
      "left": "77693327",
      "right": "62439766",
      "safe": true,
      "examples": []
    },
    {
      "left": "44606000",
      "right": "09960544",
      "safe": true,
      "examples": []
    },
    {
      "left": "27271805",
      "right": "51808262",
      "safe": true,
      "examples": []
    },
    {
      "left": "83881199",
      "right": "90207937",
      "safe": true,
      "examples": []
    },
    {
      "left": "14356140",
      "right": "40416544",
      "safe": true,
      "examples": []
    },
    {
      "left": "91558157",
      "right": "86175608",
      "safe": true,
      "examples": []
    },
    {
      "left": "16426473",
      "right": "42647345",
      "safe": true,
      "examples": []
    },
    {
      "left": "90748735",
      "right": "54684708",
      "safe": true,
      "examples": []
    },
    {
      "left": "15948224",
      "right": "05228405",
      "safe": true,
      "examples": []
    },
    {
      "left": "10375653",
      "right": "53565740",
      "safe": true,
      "examples": []
    },
    {
      "left": "17511966",
      "right": "35692157",
      "safe": true,
      "examples": []
    },
    {
      "left": "94715463",
      "right": "36341848",
      "safe": true,
      "examples": []
    },
    {
      "left": "17671139",
      "right": "49321776",
      "safe": true,
      "examples": []
    },
    {
      "left": "17692754",
      "right": "23572076",
      "safe": true,
      "examples": []
    },
    {
      "left": "16178750",
      "right": "59479815",
      "safe": true,
      "examples": []
    },
    {
      "left": "18384406",
      "right": "26044947",
      "safe": true,
      "examples": []
    },
    {
      "left": "38128605",
      "right": "60672272",
      "safe": true,
      "examples": []
    },
    {
      "left": "95661266",
      "right": "66216648",
      "safe": true,
      "examples": []
    },
    {
      "left": "17124483",
      "right": "44834217",
      "safe": true,
      "examples": []
    },
    {
      "left": "89978998",
      "right": "80086998",
      "safe": true,
      "examples": []
    },
    {
      "left": "44922538",
      "right": "94521844",
      "safe": true,
      "examples": []
    },
    {
      "left": "67931473",
      "right": "47412876",
      "safe": true,
      "examples": []
    },
    {
      "left": "71184398",
      "right": "90437216",
      "safe": true,
      "examples": []
    },
    {
      "left": "18756548",
      "right": "28456687",
      "safe": true,
      "examples": []
    },
    {
      "left": "92502871",
      "right": "16929528",
      "safe": true,
      "examples": []
    },
    {
      "left": "45559339",
      "right": "04285554",
      "safe": true,
      "examples": []
    },
    {
      "left": "87941708",
      "right": "70824967",
      "safe": true,
      "examples": []
    },
    {
      "left": "41665051",
      "right": "05156603",
      "safe": true,
      "examples": []
    },
    {
      "left": "13245780",
      "right": "79785333",
      "safe": true,
      "examples": []
    },
    {
      "left": "72018735",
      "right": "53881016",
      "safe": true,
      "examples": []
    },
    {
      "left": "71741424",
      "right": "32504806",
      "safe": true,
      "examples": []
    },
    {
      "left": "17822167",
      "right": "08611296",
      "safe": true,
      "examples": []
    },
    {
      "left": "95280442",
      "right": "24398348",
      "safe": true,
      "examples": []
    },
    {
      "left": "10339092",
      "right": "01810330",
      "safe": true,
      "examples": []
    },
    {
      "left": "39647842",
      "right": "34774693",
      "safe": true,
      "examples": []
    },
    {
      "left": "17952982",
      "right": "72793597",
      "safe": true,
      "examples": []
    },
    {
      "left": "66865653",
      "right": "35656756",
      "safe": true,
      "examples": []
    },
    {
      "left": "16346895",
      "right": "85996445",
      "safe": true,
      "examples": []
    },
    {
      "left": "17710486",
      "right": "67940077",
      "safe": true,
      "examples": []
    },
    {
      "left": "93936848",
      "right": "84873938",
      "safe": true,
      "examples": []
    },
    {
      "left": "92012786",
      "right": "67732018",
      "safe": true,
      "examples": []
    },
    {
      "left": "17277714",
      "right": "04276737",
      "safe": true,
      "examples": []
    },
    {
      "left": "89735088",
      "right": "78044788",
      "safe": true,
      "examples": []
    },
    {
      "left": "94269487",
      "right": "78507238",
      "safe": true,
      "examples": []
    },
    {
      "left": "10121624",
      "right": "44161219",
      "safe": true,
      "examples": []
    },
    {
      "left": "13720205",
      "right": "85920282",
      "safe": true,
      "examples": []
    },
    {
      "left": "57701067",
      "right": "85900874",
      "safe": true,
      "examples": []
    },
    {
      "left": "93421731",
      "right": "13712428",
      "safe": true,
      "examples": []
    },
    {
      "left": "11860088",
      "right": "28810581",
      "safe": true,
      "examples": []
    },
    {
      "left": "13640902",
      "right": "30903631",
      "safe": true,
      "examples": []
    },
    {
      "left": "66430474",
      "right": "47513356",
      "safe": true,
      "examples": []
    },
    {
      "left": "53552621",
      "right": "02625534",
      "safe": true,
      "examples": []
    },
    {
      "left": "68488659",
      "right": "95688486",
      "safe": true,
      "examples": []
    },
    {
      "left": "92669270",
      "right": "17186728",
      "safe": true,
      "examples": []
    },
    {
      "left": "53750692",
      "right": "18715724",
      "safe": true,
      "examples": []
    },
    {
      "left": "79872632",
      "right": "33528986",
      "safe": true,
      "examples": []
    },
    {
      "left": "14885516",
      "right": "57156883",
      "safe": true,
      "examples": []
    },
    {
      "left": "19929923",
      "right": "32992991",
      "safe": true,
      "examples": []
    },
    {
      "left": "64795490",
      "right": "19350835",
      "safe": true,
      "examples": []
    },
    {
      "left": "41501191",
      "right": "09210503",
      "safe": true,
      "examples": []
    },
    {
      "left": "71481967",
      "right": "67028406",
      "safe": true,
      "examples": []
    },
    {
      "left": "17570043",
      "right": "44499667",
      "safe": true,
      "examples": []
    },
    {
      "left": "17966978",
      "right": "48806607",
      "safe": true,
      "examples": []
    },
    {
      "left": "13303757",
      "right": "07662043",
      "safe": true,
      "examples": []
    },
    {
      "left": "93160319",
      "right": "01316128",
      "safe": true,
      "examples": []
    },
    {
      "left": "19871983",
      "right": "73901798",
      "safe": true,
      "examples": []
    },
    {
      "left": "17469120",
      "right": "99119657",
      "safe": true,
      "examples": []
    },
    {
      "left": "77824664",
      "right": "46652876",
      "safe": true,
      "examples": []
    },
    {
      "left": "15954797",
      "right": "77975595",
      "safe": true,
      "examples": []
    },
    {
      "left": "17509583",
      "right": "34750057",
      "safe": true,
      "examples": []
    },
    {
      "left": "18608742",
      "right": "82478167",
      "safe": true,
      "examples": []
    },
    {
      "left": "14055081",
      "right": "91905503",
      "safe": true,
      "examples": []
    },
    {
      "left": "12080152",
      "right": "32619811",
      "safe": true,
      "examples": []
    },
    {
      "left": "71331669",
      "right": "97613306",
      "safe": true,
      "examples": []
    },
    {
      "left": "44864903",
      "right": "29956734",
      "safe": true,
      "examples": []
    },
    {
      "left": "49764181",
      "right": "28047784",
      "safe": true,
      "examples": []
    },
    {
      "left": "87427940",
      "right": "13982467",
      "safe": true,
      "examples": []
    },
    {
      "left": "53710755",
      "right": "55700734",
      "safe": true,
      "examples": []
    },
    {
      "left": "92522401",
      "right": "09322628",
      "safe": true,
      "examples": []
    },
    {
      "left": "88273914",
      "right": "31036288",
      "safe": true,
      "examples": []
    },
    {
      "left": "85844297",
      "right": "80234957",
      "safe": true,
      "examples": []
    },
    {
      "left": "18148580",
      "right": "39768427",
      "safe": true,
      "examples": []
    },
    {
      "left": "10741348",
      "right": "29531370",
      "safe": true,
      "examples": []
    },
    {
      "left": "87632366",
      "right": "76323667",
      "safe": true,
      "examples": []
    },
    {
      "left": "85400212",
      "right": "21200447",
      "safe": true,
      "examples": []
    },
    {
      "left": "10910819",
      "right": "29280189",
      "safe": true,
      "examples": []
    },
    {
      "left": "17540623",
      "right": "52269367",
      "safe": true,
      "examples": []
    },
    {
      "left": "96184083",
      "right": "27049258",
      "safe": true,
      "examples": []
    },
    {
      "left": "95899611",
      "right": "11699859",
      "safe": true,
      "examples": []
    },
    {
      "left": "85441024",
      "right": "42014447",
      "safe": true,
      "examples": []
    },
    {
      "left": "96248979",
      "right": "07895258",
      "safe": true,
      "examples": []
    },
    {
      "left": "10550202",
      "right": "61911649",
      "safe": true,
      "examples": []
    },
    {
      "left": "17979530",
      "right": "61449896",
      "safe": true,
      "examples": []
    },
    {
      "left": "35925706",
      "right": "71751853",
      "safe": true,
      "examples": []
    },
    {
      "left": "29400479",
      "right": "88500382",
      "safe": true,
      "examples": []
    },
    {
      "left": "17584346",
      "right": "27424867",
      "safe": true,
      "examples": []
    },
    {
      "left": "93349722",
      "right": "21705328",
      "safe": true,
      "examples": []
    },
    {
      "left": "22757462",
      "right": "27574622",
      "safe": true,
      "examples": []
    },
    {
      "left": "16165687",
      "right": "68756715",
      "safe": true,
      "examples": []
    },
    {
      "left": "91117579",
      "right": "97681108",
      "safe": true,
      "examples": []
    },
    {
      "left": "58316251",
      "right": "15151385",
      "safe": true,
      "examples": []
    },
    {
      "left": "53449310",
      "right": "10305424",
      "safe": true,
      "examples": []
    },
    {
      "left": "70427720",
      "right": "92762506",
      "safe": true,
      "examples": []
    },
    {
      "left": "17760957",
      "right": "48491577",
      "safe": true,
      "examples": []
    },
    {
      "left": "70801097",
      "right": "80109806",
      "safe": true,
      "examples": []
    },
    {
      "left": "49616675",
      "right": "56561694",
      "safe": true,
      "examples": []
    },
    {
      "left": "15787376",
      "right": "57737775",
      "safe": true,
      "examples": []
    },
    {
      "left": "13729938",
      "right": "93902631",
      "safe": true,
      "examples": []
    },
    {
      "left": "18387360",
      "right": "00648837",
      "safe": true,
      "examples": []
    },
    {
      "left": "13279680",
      "right": "29878732",
      "safe": true,
      "examples": []
    },
    {
      "left": "96640091",
      "right": "09104658",
      "safe": true,
      "examples": []
    },
    {
      "left": "87033848",
      "right": "84734167",
      "safe": true,
      "examples": []
    },
    {
      "left": "75774909",
      "right": "00957746",
      "safe": true,
      "examples": []
    },
    {
      "left": "15987695",
      "right": "75977805",
      "safe": true,
      "examples": []
    },
    {
      "left": "89130056",
      "right": "56092198",
      "safe": true,
      "examples": []
    },
    {
      "left": "17507933",
      "right": "02307957",
      "safe": true,
      "examples": []
    },
    {
      "left": "93478253",
      "right": "36278528",
      "safe": true,
      "examples": []
    },
    {
      "left": "88011978",
      "right": "97801088",
      "safe": true,
      "examples": []
    },
    {
      "left": "44583879",
      "right": "98938434",
      "safe": true,
      "examples": []
    },
    {
      "left": "58328864",
      "right": "55792384",
      "safe": true,
      "examples": []
    },
    {
      "left": "88522859",
      "right": "05821588",
      "safe": true,
      "examples": []
    },
    {
      "left": "16403234",
      "right": "03234045",
      "safe": true,
      "examples": []
    },
    {
      "left": "92985165",
      "right": "46149028",
      "safe": true,
      "examples": []
    },
    {
      "left": "14002555",
      "right": "15443103",
      "safe": true,
      "examples": []
    },
    {
      "left": "89466582",
      "right": "17566498",
      "safe": true,
      "examples": []
    },
    {
      "left": "15979537",
      "right": "27359795",
      "safe": true,
      "examples": []
    },
    {
      "left": "17893315",
      "right": "46132996",
      "safe": true,
      "examples": []
    },
    {
      "left": "39462332",
      "right": "23326383",
      "safe": true,
      "examples": []
    },
    {
      "left": "16420212",
      "right": "93120245",
      "safe": true,
      "examples": []
    },
    {
      "left": "17786453",
      "right": "73635887",
      "safe": true,
      "examples": []
    },
    {
      "left": "17673556",
      "right": "55662776",
      "safe": true,
      "examples": []
    },
    {
      "left": "94659766",
      "right": "55795748",
      "safe": true,
      "examples": []
    },
    {
      "left": "86047491",
      "right": "29365157",
      "safe": true,
      "examples": []
    },
    {
      "left": "17186963",
      "right": "93706727",
      "safe": true,
      "examples": []
    },
    {
      "left": "13146759",
      "right": "70566423",
      "safe": true,
      "examples": []
    },
    {
      "left": "45039004",
      "right": "39993944",
      "safe": true,
      "examples": []
    },
    {
      "left": "10958292",
      "right": "12819689",
      "safe": true,
      "examples": []
    },
    {
      "left": "51750459",
      "right": "06404615",
      "safe": true,
      "examples": []
    },
    {
      "left": "17149738",
      "right": "08469417",
      "safe": true,
      "examples": []
    },
    {
      "left": "17566793",
      "right": "72975667",
      "safe": true,
      "examples": []
    },
    {
      "left": "17867569",
      "right": "79746796",
      "safe": true,
      "examples": []
    },
    {
      "left": "13101355",
      "right": "95521122",
      "safe": true,
      "examples": []
    },
    {
      "left": "68076246",
      "right": "65266976",
      "safe": true,
      "examples": []
    },
    {
      "left": "44137006",
      "right": "70963144",
      "safe": true,
      "examples": []
    },
    {
      "left": "19608808",
      "right": "79791581",
      "safe": true,
      "examples": []
    },
    {
      "left": "44259187",
      "right": "88095244",
      "safe": true,
      "examples": []
    },
    {
      "left": "89019901",
      "right": "19901988",
      "safe": true,
      "examples": []
    },
    {
      "left": "17354403",
      "right": "13944447",
      "safe": true,
      "examples": []
    },
    {
      "left": "17803937",
      "right": "06304086",
      "safe": true,
      "examples": []
    },
    {
      "left": "59733832",
      "right": "24733695",
      "safe": true,
      "examples": []
    },
    {
      "left": "46604578",
      "right": "88539564",
      "safe": true,
      "examples": []
    },
    {
      "left": "18102731",
      "right": "42372017",
      "safe": true,
      "examples": []
    },
    {
      "left": "99486909",
      "right": "90969588",
      "safe": true,
      "examples": []
    },
    {
      "left": "97105242",
      "right": "15251069",
      "safe": true,
      "examples": []
    },
    {
      "left": "97422031",
      "right": "13022468",
      "safe": true,
      "examples": []
    },
    {
      "left": "13523038",
      "right": "17402263",
      "safe": true,
      "examples": []
    },
    {
      "left": "30361970",
      "right": "16817392",
      "safe": true,
      "examples": []
    },
    {
      "left": "13258878",
      "right": "18788423",
      "safe": true,
      "examples": []
    },
    {
      "left": "65356212",
      "right": "11354455",
      "safe": true,
      "examples": []
    },
    {
      "left": "88361142",
      "right": "25205388",
      "safe": true,
      "examples": []
    },
    {
      "left": "73115136",
      "right": "54251126",
      "safe": true,
      "examples": []
    },
    {
      "left": "17303656",
      "right": "36453047",
      "safe": true,
      "examples": []
    },
    {
      "left": "35119772",
      "right": "18791152",
      "safe": true,
      "examples": []
    },
    {
      "left": "70744492",
      "right": "18444806",
      "safe": true,
      "examples": []
    },
    {
      "left": "97492709",
      "right": "01719568",
      "safe": true,
      "examples": []
    },
    {
      "left": "70446464",
      "right": "46464506",
      "safe": true,
      "examples": []
    },
    {
      "left": "89165785",
      "right": "49855098",
      "safe": true,
      "examples": []
    },
    {
      "left": "10106729",
      "right": "99375910",
      "safe": true,
      "examples": []
    },
    {
      "left": "39859847",
      "right": "65985982",
      "safe": true,
      "examples": []
    },
    {
      "left": "17123625",
      "right": "95252227",
      "safe": true,
      "examples": []
    },
    {
      "left": "89569189",
      "right": "08107488",
      "safe": true,
      "examples": []
    },
    {
      "left": "89321625",
      "right": "51611398",
      "safe": true,
      "examples": []
    },
    {
      "left": "17941025",
      "right": "94102596",
      "safe": true,
      "examples": []
    },
    {
      "left": "15988204",
      "right": "84028905",
      "safe": true,
      "examples": []
    },
    {
      "left": "18211171",
      "right": "18211171",
      "safe": true,
      "examples": []
    },
    {
      "left": "16474800",
      "right": "29985745",
      "safe": true,
      "examples": []
    },
    {
      "left": "93389927",
      "right": "82909328",
      "safe": true,
      "examples": []
    },
    {
      "left": "17847917",
      "right": "66098586",
      "safe": true,
      "examples": []
    },
    {
      "left": "16187406",
      "right": "77036925",
      "safe": true,
      "examples": []
    },
    {
      "left": "44785090",
      "right": "99048744",
      "safe": true,
      "examples": []
    },
    {
      "left": "89532632",
      "right": "22634488",
      "safe": true,
      "examples": []
    },
    {
      "left": "67942468",
      "right": "87423876",
      "safe": true,
      "examples": []
    },
    {
      "left": "45117981",
      "right": "18972144",
      "safe": true,
      "examples": []
    },
    {
      "left": "13158897",
      "right": "47889513",
      "safe": true,
      "examples": []
    },
    {
      "left": "17543744",
      "right": "24483357",
      "safe": true,
      "examples": []
    },
    {
      "left": "15737730",
      "right": "50477375",
      "safe": true,
      "examples": []
    },
    {
      "left": "10516211",
      "right": "82117150",
      "safe": true,
      "examples": []
    },
    {
      "left": "17750897",
      "right": "28089487",
      "safe": true,
      "examples": []
    },
    {
      "left": "88630895",
      "right": "60903578",
      "safe": true,
      "examples": []
    },
    {
      "left": "92918473",
      "right": "36491928",
      "safe": true,
      "examples": []
    },
    {
      "left": "86571219",
      "right": "80218657",
      "safe": true,
      "examples": []
    },
    {
      "left": "92641619",
      "right": "02603728",
      "safe": true,
      "examples": []
    },
    {
      "left": "71233793",
      "right": "30833206",
      "safe": true,
      "examples": []
    },
    {
      "left": "16026228",
      "right": "87127305",
      "safe": true,
      "examples": []
    },
    {
      "left": "85832893",
      "right": "28932857",
      "safe": true,
      "examples": []
    },
    {
      "left": "24932091",
      "right": "09023842",
      "safe": true,
      "examples": []
    },
    {
      "left": "17109001",
      "right": "91998027",
      "safe": true,
      "examples": []
    },
    {
      "left": "35213914",
      "right": "50831253",
      "safe": true,
      "examples": []
    },
    {
      "left": "72002481",
      "right": "28321017",
      "safe": true,
      "examples": []
    },
    {
      "left": "96502473",
      "right": "48321459",
      "safe": true,
      "examples": []
    },
    {
      "left": "17754007",
      "right": "57003487",
      "safe": true,
      "examples": []
    },
    {
      "left": "11056811",
      "right": "92175511",
      "safe": true,
      "examples": []
    },
    {
      "left": "18466578",
      "right": "48757647",
      "safe": true,
      "examples": []
    },
    {
      "left": "93142363",
      "right": "36324128",
      "safe": true,
      "examples": []
    },
    {
      "left": "66398406",
      "right": "69389366",
      "safe": true,
      "examples": []
    },
    {
      "left": "60402700",
      "right": "99631395",
      "safe": true,
      "examples": []
    },
    {
      "left": "19383192",
      "right": "12913948",
      "safe": true,
      "examples": []
    },
    {
      "left": "18618147",
      "right": "77319068",
      "safe": true,
      "examples": []
    },
    {
      "left": "95929906",
      "right": "70893058",
      "safe": true,
      "examples": []
    },
    {
      "left": "10822899",
      "right": "79982180",
      "safe": true,
      "examples": []
    },
    {
      "left": "22130094",
      "right": "39092122",
      "safe": true,
      "examples": []
    },
    {
      "left": "66880467",
      "right": "66409856",
      "safe": true,
      "examples": []
    },
    {
      "left": "10352264",
      "right": "33522639",
      "safe": true,
      "examples": []
    },
    {
      "left": "51790386",
      "right": "57418615",
      "safe": true,
      "examples": []
    },
    {
      "left": "10347186",
      "right": "25728330",
      "safe": true,
      "examples": []
    },
    {
      "left": "91116633",
      "right": "32562208",
      "safe": true,
      "examples": []
    },
    {
      "left": "17793089",
      "right": "30893086",
      "safe": true,
      "examples": []
    },
    {
      "left": "21413342",
      "right": "24331401",
      "safe": true,
      "examples": []
    },
    {
      "left": "50229711",
      "right": "20703194",
      "safe": true,
      "examples": []
    },
    {
      "left": "17606551",
      "right": "71565967",
      "safe": true,
      "examples": []
    },
    {
      "left": "88067869",
      "right": "96776978",
      "safe": true,
      "examples": []
    },
    {
      "left": "49645434",
      "right": "43454694",
      "safe": true,
      "examples": []
    }
  ]
}